trait_key,trait_type
AFG_bukharan_jadidist,advisor
AFG_director_of_public_health,advisor
AFG_father_of_kunduz_trait,advisor
AFG_general_secretary,country_leader
AFG_influential_spiritual_leader_trait,advisor
AFG_kokandi_insurrecionist,advisor
AFG_red_shirt_trait,advisor
AFG_royal_figurehead_trait,advisor
AFG_safe_hands,advisor
AFG_turkmen_khan,advisor
AFG_uzbek_scholar,advisor
ARG_anarchosyndicalist,country_leader
ARG_argentine_fascist,advisor
ARG_argentine_nationalist,country_leader
ARG_bolivar_agent,advisor
ARG_brigadier_general,country_leader
ARG_communist_insurrectionist,advisor
ARG_conservative_traditionalist,country_leader
ARG_feminist_revolutionary,country_leader
ARG_fraudulent_industrialist,country_leader
ARG_harsh_democrat,country_leader
ARG_moderate_dictator,country_leader
ARG_nobel_peace_prize_winner,advisor
ARG_prominent_centrist,country_leader
ARG_radical_antipersonnel,country_leader
ARG_socialist_feminist,advisor
ARG_university_rector,advisor
ARG_womans_peronist,advisor
AUS_communist_lawyer,advisor
AUS_communist_revolutionary,advisor
AUS_fascist_cardinal,advisor
AUS_fascist_writer,advisor
AUS_financier_of_fascism,advisor
AUS_meticulous_lawyer,advisor
AUS_minister_of_education,advisor
AUS_older_prince_of_liechtenstein,advisor
AUS_prince_of_starhemberg,advisor
AUS_putschminister,advisor
AUS_reknowned_architecht,advisor
AUS_resourceful_princess,advisor
AUS_right_wing_democrat,country_leader
AUS_ruthless_university_rector,advisor
AUS_secretive_priest,advisor
AUS_the_father_of_austromarxism,advisor
AUS_the_red_helper,advisor
AUS_treasurer_of_the_monarchy,advisor
AUS_under_german_pressure,country_leader
AUS_veteran_head_of_agency,advisor
AUS_younger_prince_of_liechtenstein,advisor
BALTIC_anti_bolshevik,corps_commander
BBA_ALB_fascist_lawyer,country_leader
BEL_ambassador_to_london,advisor
BEL_arms_designer,advisor
BEL_arms_designer_no_aat,advisor
BEL_belgian_inquisitor,country_leader
BEL_canny_diplomat,advisor
BEL_corrupt_old_guard,country_leader
BEL_determined_prime_minister,country_leader
BEL_fascist_firebrand,advisor
BEL_illusive_mastermind,advisor
BEL_le_patron,country_leader
BEL_man_with_a_plan,advisor
BEL_minister_of_colonies,advisor
BEL_minister_of_national_defence_deveze,advisor
BEL_minister_of_national_defence_nuyten,advisor
BEL_mobilization_proponent,advisor
BEL_quiet_royal,advisor
BEL_uranium_magnate,advisor
BRA_academic_writer,advisor
BRA_anti_authoritarian,advisor
BRA_authoritarian_populist,country_leader
BRA_coffee_king,advisor
BRA_controversial_academic,advisor
BRA_democratic_engineer,advisor
BRA_deposed_former_president,advisor
BRA_distinguished_diplomat,advisor
BRA_education_pioneer,advisor
BRA_head_of_political_police,advisor
BRA_militant_communist,advisor
BRA_minister_of_defense,advisor
BRA_minister_of_transport,advisor
BRA_modernist_architect,advisor
BRA_nobel_peace_prize_nominee,advisor
BRA_political_fox,advisor
BRA_renowned_ambassador,advisor
BRA_right_wing_ideologue,advisor
BRA_supreme_court_justice,advisor
BRA_vengeful_industrialist,advisor
CAN_canadian_fuhrer,country_leader
CAN_liberal_corporatist,country_leader
CAN_social_gospel,country_leader
CHI_bandit_warlord,country_leader
CHI_border_garrison_commander,advisor
CHI_cc_clique_leader_trait,advisor
CHI_chairman_of_the_republic_trait,advisor
CHI_chinese_orthodox_chruch_bishop_trait,advisor
CHI_dubious_loyalty,navy_leader
CHI_former_police_officer,advisor
CHI_generallissimo_sea,country_leader
CHI_geologist_trait,advisor
CHI_jade_marshal,advisor
CHI_judicial_yuan_president,advisor
CHI_kuomintang_liberal,advisor
CHI_minister_of_education,advisor
CHI_minister_of_transport_trait,advisor
CHI_national_defence_theorist,advisor
CHI_president_of_examination_yuan,advisor
CHI_shanghai_financier,advisor
CHI_spymaster,advisor
CHI_taoist_devotee_trait,country_leader
CHI_the_northern_bastion_trait,country_leader
CHI_the_third_force_trait,advisor
CHI_vice_premier_trait,advisor
CHL_minister_of_transport,advisor
COG_trade_unionist,advisor
CRO_poglavnik_trait,country_leader
DEN_fascist_militarist,advisor
DEN_fascist_populist,country_leader
DEN_freedom_council_traits,country_leader
DEN_kommunist,country_leader
DEN_rightwing_populist,country_leader
DEN_socialdemokrat,country_leader
DEN_the_king,country_leader
FIN_champion_of_equality_sillanpaa,advisor
FIN_communist_revolutionary_leino,advisor
FIN_democratic_reformer_fagerholm,advisor
FIN_humble_appeaser_tanner,advisor
FIN_patriotic_socialist_kuusinen,advisor
FIN_stalins_puppet_kuusinen,country_leader
FIN_technocrat_saarinen,advisor
FRA_national_syndicalist,advisor
FRA_neo_jacobin,advisor
GDC_king_of_the_southern_skies,country_leader
GER_adaptive_engineer,advisor
GER_burggraf_und_graf_zu_dohna_schlobitten,country_leader
GER_der_fuhrer,country_leader
GER_film_director,advisor
GER_first_among_equals,advisor
GER_former_reichsbank_president,advisor
GER_freikorps_commander,advisor
GER_governor_general_trait,country_leader
GER_head_of_the_missile_department,advisor
GER_inflexible_communist_organizer,advisor
GER_influential_pastor,advisor
GER_intelligence_coordinator,advisor
GER_mefo_bills_architect,advisor
GER_minister_of_agriculture,advisor
GER_minister_of_the_colonies,advisor
GER_monarchist_jurist,advisor
GER_overseer_four_year_plan,advisor
GER_price_commissioner,advisor
GER_proletarian_leader,advisor
GER_reich_architect,advisor
GER_reich_engineer,advisor
GER_reich_marshal,advisor
GER_reich_minister_for_labor,advisor
GER_reich_minister_foreign_affairs_neurath,advisor
GER_reich_minister_foreign_affairs_ribbentrop,advisor
GER_reich_minister_of_church_affairs,advisor
GER_reich_minister_of_economy,advisor
GER_reich_minister_of_propaganda,advisor
GER_reich_security_main_office_director_lar,advisor
GER_reich_security_main_office_director_no_lar,advisor
GER_reichskommissar_trait,country_leader
GER_revolutionary_nationalist_advisor,advisor
GER_seasoned_socialist_resistance_fighter,advisor
GER_secretary_to_the_fuhrer,advisor
GER_stakhonovite_collectivist1,advisor
GER_staunch_socialist,advisor
GER_traditionalist,country_leader
GER_workers_educator,advisor
GSM_staunch_anti_communist,country_leader
GXC_fierce_leader,country_leader
HUN_apostolic_king_of_hungary_fascist_trait,advisor
HUN_archbishop_of_esztergom,advisor
HUN_ardent_stalinist,country_leader
HUN_fascist_prime_minister,advisor
HUN_filmmaker,advisor
HUN_goulash_communist,advisor
HUN_her_serene_highness,advisor
HUN_innovative_weapons_designer,advisor
HUN_internationalist_marxist,advisor
HUN_irredentist_foreign_minister,advisor
HUN_magyar_nemzeti_bank_president,advisor
HUN_military_intelligence_officer,advisor
HUN_moderate_authoritarian,advisor
HUN_moderate_lawyer,advisor
HUN_national_socialist_irredentist,country_leader
HUN_popular_among_paramilitaries,country_leader
HUN_popular_liberal,advisor
HUN_scholary_politician,advisor
HUN_socialist_bulwark,country_leader
HUN_stalinist_agent,advisor
HUN_the_habsburg_prince,country_leader
HUN_the_regent,country_leader
ICE_german_consul,advisor
ICE_hot_tempered_reformer,country_leader
ICE_internationalist_guardian,advisor
ICE_judge_and_editor,advisor
ICE_minister_of_finance_moller,advisor
ICE_minister_of_healthcare_and_finance,advisor
ICE_national_romanticist,country_leader
ICE_progressive_doctor,advisor
ICE_revolutionary_educator,advisor
ICE_the_strict_regent,country_leader
ICE_trade_unionist,advisor
ICE_transportation_enthusiast,country_leader
ICE_travel_enthusiast,advisor
IRQ_air_vice_marshal,advisor
IRQ_al_muthanna_leader,advisor
IRQ_arab_fascist_politician,country_leader
IRQ_armenian_oil_magnate,advisor
IRQ_as_sahifah_editor,advisor
IRQ_bismarck_of_the_arabs,country_leader
IRQ_comrade_fahd,country_leader
IRQ_emir_of_taif,advisor
IRQ_fliegerfuhrer,advisor
IRQ_german_ambassador,advisor
IRQ_golden_square_member,corps_commander
IRQ_great_iraqi_statesman,advisor
IRQ_guardian_of_independence,advisor
IRQ_hashemite_regent,advisor
IRQ_hashemite_supporter,country_leader
IRQ_king_of_iraq_ghazi,advisor
IRQ_knight_of_arabism,advisor
IRQ_kurdish_politician,advisor
IRQ_militant_politician,advisor
IRQ_minister_of_defense,advisor
IRQ_minister_of_education,advisor
IRQ_minister_of_the_interior,advisor
IRQ_nationalist,advisor
IRQ_nationalist_lawyer,advisor
IRQ_pan_arabist_german,advisor
IRQ_poet_of_freedom,advisor
IRQ_pro_western_iraqi_nationalist,country_leader
IRQ_shiite_philosopher,advisor
IRQ_shiite_representative,advisor
IRQ_the_grand_mufti,advisor
IRQ_weternized_foreign_minister,advisor
JAN_polarizing_leader,country_leader
JAP_JNR_president,advisor
JAP_ambassador_to_germany,advisor
JAP_anarcha_feminist,advisor
JAP_asahi_shimbun_editor,advisor
JAP_buddhist_socialist_trait,advisor
JAP_chairman_of_the_jcp_trait,country_leader
JAP_communist_sympathizer,corps_commander
JAP_dadaist_nihilist,advisor
JAP_democratic_socialist,advisor
JAP_expert_propaganda_artist,advisor
JAP_fascist_poet,advisor
JAP_financial_genius,advisor
JAP_futurist_samurai,advisor
JAP_genro,advisor
JAP_god_of_constitutional_politics,advisor
JAP_godfather_of_the_yamaguchi_gumi,advisor
JAP_head_of_the_shinkansen_project,advisor
JAP_kaiso,advisor
JAP_kozo_the_ogre_trait,advisor
JAP_lord_keeper_of_the_privy_seal,advisor
JAP_marxist_theoretician,advisor
JAP_militarist,advisor
JAP_minister_for_greater_east_asia,advisor
JAP_minister_of_finance,advisor
JAP_mitsubishi_president,advisor
JAP_moderate_politician_neu,country_leader
JAP_nakajima_president,advisor
JAP_nichiren_abbot,advisor
JAP_nissan_president,advisor
JAP_oomoto_preacher,advisor
JAP_pacifist_baron,advisor
JAP_pan_asianist_national_socialist,advisor
JAP_pan_asianist_writer,advisor
JAP_paramilitary_leader,advisor
JAP_radical_nichiren_preacher,advisor
JAP_riken_institute_director,advisor
JAP_royal_lineage,corps_commander
JAP_samurai_lineage,corps_commander
JAP_scholarly_ashigaru,advisor
JAP_shadow_shogun,advisor
JAP_showa_no_youkai,advisor
JAP_south_manchuria_railway_president,advisor
JAP_state_shinto_advocate,advisor
JAP_tokko_chief,advisor
JAP_yasukawa_zaibatsu_president,advisor
JAP_yuakai_organizer,advisor
JOR_emir_of_transjordan,country_leader
JUNO_agricultural_national_socialist,advisor
JUNO_anarcho_socialist,advisor
JUNO_anti_communist_action,advisor
JUNO_apostlic_prefect_of_araucania,advisor
JUNO_bolivian_falange,country_leader
JUNO_christian_democrat,advisor
JUNO_conservative_businessman,advisor
JUNO_defender_of_araucanian_soverighnty,advisor
JUNO_defender_of_the_race,advisor
JUNO_educational_reformer,advisor
JUNO_famous_soprano,advisor
JUNO_fascist_theologian,advisor
JUNO_father_of_industrialization,advisor
JUNO_feminist_editor,advisor
JUNO_housing_front_champion,advisor
JUNO_ibanismo,advisor
JUNO_mapuche_economist,advisor
JUNO_mapuche_journalist,advisor
JUNO_mapuche_traditionalist,advisor
JUNO_mayor_of_the_city_of_asuncion,advisor
JUNO_miister_of_lands_and_colonization,advisor
JUNO_militant_communist,advisor
JUNO_military_socialist,country_leader
JUNO_minister_of_defense,advisor
JUNO_minister_of_defense_emilio,advisor
JUNO_minister_of_finance,advisor
JUNO_minister_of_foreign_affairs,advisor
JUNO_minister_of_public_health,advisor
JUNO_minister_of_public_works,advisor
JUNO_minister_of_social_assistance,advisor
JUNO_minister_trade_development,advisor
JUNO_miniter_of_economy_and_commerce,advisor
JUNO_national_socialist_occultist,advisor
JUNO_nationalizing_foreign_minister,advisor
JUNO_pan_hispanic_theorist,advisor
JUNO_popular_latinian_poet,advisor
JUNO_president_of_the_central_bank,advisor
JUNO_president_of_the_senate,advisor
JUNO_president_of_victory,country_leader
JUNO_radical_suffragette,advisor
JUNO_red_banner_leader,country_leader
JUNO_reformist_minister_of_health,advisor
JUNO_revolutionary_feberista_hero,country_leader
JUNO_revolutionary_writer,country_leader
JUNO_socialist_economist,advisor
JUNO_the_general_president,country_leader
JUNO_the_lion_of_tarapaca,country_leader
JUNO_the_miners_representative,advisor
JUNO_the_national_falange,advisor
JUNO_the_workers_president,country_leader
JUNO_university_fascist,advisor
JUNO_unpopular,country_leader
JUNO_unpopular_economist,country_leader
JUNO_uruguyan_revisionist,advisor
KHM_british_connection,advisor
KHM_civil_governor_for_life,advisor
KHM_daoyin_of_kashgar,advisor
KHM_jadidist_emir,advisor
KHM_padishah,country_leader
KOR_highness_yi_of_changdeokgung,country_leader
KOR_mongyang,country_leader
KOR_suryong,country_leader
KOR_unam,country_leader
KUM_wild_horse,country_leader
KUW_the_military_sheikh,country_leader
LAO_the_red_prince,country_leader
LIT_king_of_lithuania,country_leader
LUX_grand_duchess_of_luxembourg,country_leader
LUX_vocal_pan_germanist,country_leader
MAN_continental_ronin,advisor
MAN_foreign_minister,advisor
MAN_japanese_puppet,country_leader
MAN_speaker_of_the_senate,advisor
MAN_supreme_commander,advisor
MEN_borjigin_descendant,country_leader
MEN_educated_ulanqb_nobleman,country_leader
MEN_nationalist_education_enthusiast,advisor
NOR_aristocratic_industrialist,advisor
NOR_callous_engineer,advisor
NOR_clueless_defense_minister,advisor
NOR_commisary_minister,advisor
NOR_communist_agitator,advisor
NOR_compliant_politician,advisor
NOR_conciliatory_socialist,advisor
NOR_conservative_businessman,advisor
NOR_defeatist_commander_in_chief,advisor
NOR_democratic_powerhouse,advisor
NOR_fascist_advocate,advisor
NOR_fascist_judiciary,advisor
NOR_fascist_lackey,advisor
NOR_fascist_minister_of_supplies,advisor
NOR_germanophile_officer,country_leader
NOR_minister_of_agriculture,advisor
NOR_oppportunistic_officer,advisor
NOR_pacifist_diplomat,advisor
NOR_pan_germanist_minister,advisor
NOR_permanent_revolutionary,advisor
NOR_popular_reformer,country_leader
NOR_pragmatic_defense_minister,advisor
NOR_queen_of_norway,country_leader
NOR_radical_trade_unionist,advisor
NOR_royal_chamberlain,advisor
NOR_ruthless_administrator,country_leader
NOR_ruthless_police_captain,advisor
NOR_shipping_capitalist,advisor
NOR_shrewd_regent,country_leader
NOR_supplies_commisioner,advisor
NOR_temperate_miners_unionist,country_leader
NOR_the_womens_front,advisor
NOR_tobacco_industrialist,advisor
NOR_tobacco_industrialist_leader,country_leader
NOR_unionist_railway_director,advisor
NOR_vigilant_fort_commander,advisor
NXM_king_of_ningxia,country_leader
PAL_experienced_high_commissioner,country_leader
PER_deposed_shah_trait,advisor
PER_head_of_military_police,advisor
PER_head_of_transport,advisor
PER_rightful_king_trait,country_leader
PHI_back_soon_trait,country_leader
PHI_chief_justice,advisor
PHI_chief_of_staff,advisor
PHI_coconut_scientist,advisor
PHI_filipino_nightingale,advisor
PHI_hacendado,advisor
PHI_indonesian_communist_exile,advisor
PHI_intelligence_bureau_chief,advisor
PHI_mercantalist,advisor
PHI_nation_builder,country_leader
PHI_philippine_nationalist,advisor
PHI_philippine_nationalist_leader,country_leader
PHI_radical_leader,country_leader
PHI_resident_commissioner,advisor
PHI_resistance_engineer,advisor
PHI_revolutionary_hero,advisor
PHI_revolutionary_president,country_leader
PHI_sakdalista_editor,advisor
PHI_self_reliance_defense_character,advisor
PHI_social_reformer,advisor
PHI_socialist_lawyer,advisor
PHI_special_forces_proponent,advisor
PHI_the_silent_killer,advisor
POL_cossack_king,country_leader
POL_sanation_left_leader,corps_commander
POL_sanation_right_leader,corps_commander
POL_soldier_king,country_leader
PRC_28_bolshevik_trait,advisor
PRC_28_bolshevik_trait_bo_gu,advisor
PRC_28_bolshevik_trait_wang_ming,advisor
PRC_agrarian_revolutionary,advisor
PRC_agricultural_reformist,advisor
PRC_avid_maoist,advisor
PRC_base_builder,advisor
PRC_behind_enemy_lines_traits,advisor
PRC_charming_revoluionary,advisor
PRC_director_of_food_bureau,advisor
PRC_double_agent,advisor
PRC_dubious_loyalty,advisor
PRC_guerilla_fighter,advisor
PRC_guerilla_warfare_theorist,advisor
PRC_head_of_state_bank,advisor
PRC_holding_the_line,advisor
PRC_hq_secretary,advisor
PRC_labor_rights_advocate,advisor
PRC_medical_school,advisor
PRC_member_of_central_committee,advisor
PRC_minister_interior_affairs,advisor
PRC_minister_of_finance,advisor
PRC_multi_talented_diplomat_lar,advisor
PRC_multi_talented_diplomat_no_lar,advisor
PRC_organizier_aat,advisor
PRC_pavel_mif_mentor_trait,advisor
PRC_president_female_officers,advisor
PRC_professor,advisor
PRC_promising_future,advisor
PRC_quartermaster,advisor
PRC_rocket_force,advisor
PRC_second_in_command_to_peng,advisor
PRC_secretary_of_womens_committee,advisor
PRC_soviet_negotiator,advisor
PRC_spymaster,advisor
PRC_survivor_of_the_long_march,corps_commander
PRC_the_general_secretary,country_leader
PRC_trained_by_the_nkvd,advisor
PRC_zhang_guotao_in_kmt,advisor
RAJ_GOE_a_way_with_words,advisor
RAJ_GOE_anti_socialist,advisor
RAJ_GOE_baluchistans_soverign,country_leader
RAJ_GOE_cautious_investor,advisor
RAJ_GOE_cautious_strategist,advisor
RAJ_GOE_costly_reformer,advisor
RAJ_GOE_cultural_icon,advisor
RAJ_GOE_divisive_monarch,advisor
RAJ_GOE_economic_realist,advisor
RAJ_GOE_financial_strategist,country_leader
RAJ_GOE_guardian_of_the_hills,country_leader
RAJ_GOE_patron_of_education,country_leader
RAJ_GOE_scholar_king,country_leader
RAJ_GOE_the_bengal_advocate,country_leader
RAJ_GOE_the_reformer_maharaja,country_leader
RAJ_GOE_visionary_maharaja,country_leader
RAJ_GOE_wealthy_philantrophist,advisor
RAJ_conservationalist,advisor
RAJ_founder_of_the_csp,advisor
RAJ_freedom_fighter,advisor
RAJ_social_reformer,advisor
RAJ_trade_union_leader,advisor
RAJ_union_leader,advisor
SAU_unifier_of_central_arabia,country_leader
SHX_model_governor,country_leader
SIC_dubious_loyalty,corps_commander
SIC_reckless_commander,country_leader
SIK_communist_in_name_only,country_leader
SIK_duban,country_leader
SIK_soviet_consul_general_trait,advisor
SIL_prince_of_pless_trait,country_leader
SLO_vodca_trait,country_leader
SND_unreliable_opportunist,country_leader
SWE_anti_nazi_interdisciplinary_social_scientist,advisor
SWE_ardent_conservative,advisor
SWE_committee_against_the_finnish_white_terror,advisor
SWE_exiled_revolutionaries,advisor
SWE_family_oriented_sociologist,advisor
SWE_foreign_minister,advisor
SWE_foreign_minister_no_bba,advisor
SWE_high_defense_budget,country_leader
SWE_interventionist_firebrand,advisor
SWE_minister_of_agriculture,advisor
SWE_minister_of_defense,advisor
SWE_minister_of_justice,advisor
SWE_minister_of_state,advisor
SWE_minister_of_trade,advisor
SWE_minister_of_transport,advisor
SWE_minor_opposition_party_in_power,country_leader
SWE_rearnament_proponent,country_leader
SWE_suffragette,advisor
SWE_support_party_in_power,country_leader
SWI_anarchist,advisor
SWI_brandy_the_st_bernard_trait,advisor
SWI_cantonal_conservative,advisor
SWI_commander_in_chief,advisor
SWI_conservative_democrat,advisor
SWI_corporatist,advisor
SWI_democratic_capitalist,advisor
SWI_diplomat,advisor
SWI_fascist,advisor
SWI_fascist_appeaser,advisor
SWI_fascist_propagandist,advisor
SWI_fascist_recruiter,advisor
SWI_humanitarian,advisor
SWI_intelligence_officer,advisor
SWI_militaristic_democrat,advisor
SWI_militaristic_nationalist,advisor
SWI_nationalistic_industrialist,advisor
SWI_pragmatic_democrat,advisor
SWI_radical_democrat,advisor
SWI_social_democrat,advisor
SWI_socialist_pacifist,advisor
SWI_soviet_spy,advisor
SWI_trade_unionist,advisor
SWI_weapons_designer,advisor
TIB_strongman_of_tibet,country_leader
TIB_tulku_trait,country_leader
XIC_young_marshall,country_leader
XSM_devout_leader,country_leader
XSM_dubious_loyalty,corps_commander
YEM_supreme_imam_trait,country_leader
YUN_dubious_loyalty,corps_commander
YUN_king_of_yunnan,country_leader
adaptable,corps_commander
adventurous_daredevil,advisor
aggressive_assaulter,corps_commander
agrarian_nationalist,advisor
agricultural_capitalist,advisor
agricultural_nationalist,advisor
air_air_combat_training_1,advisor
air_air_combat_training_2,advisor
air_air_combat_training_3,advisor
air_air_superiority_1,advisor
air_air_superiority_2,advisor
air_air_superiority_3,advisor
air_airborne_1,advisor
air_airborne_2,advisor
air_bomber_interception_1,advisor
air_bomber_interception_2,advisor
air_chief_all_weather_1,advisor
air_chief_all_weather_2,advisor
air_chief_ground_support_1,advisor
air_chief_ground_support_2,advisor
air_chief_ground_support_3,advisor
air_chief_night_operations_1,advisor
air_chief_night_operations_2,advisor
air_chief_old_guard,advisor
air_chief_reform_1,advisor
air_chief_reform_2,advisor
air_chief_reform_3,advisor
air_chief_safety_1,advisor
air_chief_safety_2,advisor
air_chief_safety_3,advisor
air_close_air_support_1,advisor
air_close_air_support_2,advisor
air_close_air_support_3,advisor
air_controller,navy_leader
air_naval_strike_1,advisor
air_naval_strike_2,advisor
air_pilot_training_2,advisor
air_pilot_training_3,advisor
air_strategic_bombing_2,advisor
air_strategic_bombing_3,advisor
air_tactical_bombing_2,advisor
air_tactical_bombing_3,advisor
air_warfare_theorist,advisor
all_india_muslim_league_leader,advisor
ambitious_diplomat,country_leader
ambitious_negotiator_fascism,advisor
ambitious_negotiator_neutrality,advisor
ambitious_union_boss,advisor
anarcho_communist_council,country_leader
anti_bolshevik_leftist,advisor
anti_colonial_humanist,advisor
anti_colonialist,country_leader
anti_communist,country_leader
anti_communist_crusader,advisor
anti_democrat,country_leader
anti_fascist_agent,advisor
anti_fascist_chaplain,advisor
anti_german_personality,advisor
anti_imperialist_thinker,advisor
anti_shah_democrat,country_leader
anti_soviet_socialist,advisor
anti_stalinist_marxist,advisor
anti_stalinist_propagandist,advisor
anti_unionist_pure_anarchist,advisor
apostolic_vicar_of_leopoldville,advisor
appeaser,advisor
appeasing_technocrat,advisor
archbishop_of_ethiopian_orthodox_tewahedo_church,advisor
archduke_of_austria_este,country_leader
arctic_water_expert,navy_leader
arkhigos,country_leader
armaments_aficionado,advisor
armaments_organizer,advisor
armor_officer,corps_commander
army_CombinedArms_2,advisor
army_armored_1,advisor
army_armored_2,advisor
army_armored_3,advisor
army_artillery_1,advisor
army_artillery_2,advisor
army_artillery_3,advisor
army_cavalry_1,advisor
army_cavalry_2,advisor
army_cavalry_3,advisor
army_chief_army_high_command,advisor
army_chief_defensive_1,advisor
army_chief_defensive_2,advisor
army_chief_defensive_3,advisor
army_chief_drill_1,advisor
army_chief_drill_2,advisor
army_chief_drill_3,advisor
army_chief_entrenchment_1,advisor
army_chief_entrenchment_2,advisor
army_chief_maneuver_1,advisor
army_chief_maneuver_2,advisor
army_chief_maneuver_3,advisor
army_chief_morale_1,advisor
army_chief_morale_2,advisor
army_chief_morale_3,advisor
army_chief_offensive_1,advisor
army_chief_offensive_2,advisor
army_chief_offensive_3,advisor
army_chief_old_guard,advisor
army_chief_organizational_1,advisor
army_chief_organizational_2,advisor
army_chief_planning_1,advisor
army_chief_planning_2,advisor
army_chief_reform_1,advisor
army_chief_reform_2,advisor
army_chief_reform_3,advisor
army_commando_1,advisor
army_commando_2,advisor
army_commando_3,advisor
army_concealment_1,advisor
army_concealment_2,advisor
army_concealment_3,advisor
army_entrenchment_1,advisor
army_entrenchment_2,advisor
army_entrenchment_3,advisor
army_german_ground_commander,advisor
army_infantry_1,advisor
army_infantry_2,advisor
army_infantry_3,advisor
army_logistics_1,advisor
army_logistics_2,advisor
army_radio_intelligence_1,advisor
army_radio_intelligence_2,advisor
army_radio_intelligence_3,advisor
army_regrouping_1,advisor
army_regrouping_2,advisor
army_regrouping_3,advisor
ascari_officer,corps_commander
assault_avaition,advisor
ataman_transbaikal_host,advisor
autocratic_archbishop,advisor
aviation_enthusiast,navy_leader
avid_turanist,advisor
ayatollah_trait,country_leader
backed_by_political_coalition,country_leader
backroom_backstabber,advisor
backroom_windbag,advisor
baltic_revolutionary,country_leader
banking_mogul,advisor
baron_of_terror,advisor
batllista_traditionalist,country_leader
battleship_adherent,navy_leader
bearer_of_artillery,corps_commander
big_guns_expert,navy_leader
black_cross_anarchist,advisor
blitzkrieg_theorist,advisor
blockade_runner,navy_leader
blue_shirt_connections_0,country_leader
blue_water_expert,navy_leader
bold,navy_leader
brave,corps_commander
brilliant_strategist,corps_commander
british_bulldog,country_leader
burmese_way_to_socialism_trait,country_leader
captain_of_industry,advisor
career_officer,corps_commander
carlist_intellectual,advisor
caustic_personality,navy_leader
cavalry_leader,corps_commander
cavalry_officer,corps_commander
chamberlain_appeaser,country_leader
champion_of_equality,advisor
champion_of_peace_1,country_leader
champion_of_the_lao_issara,country_leader
chief_engineer,navy_leader
close_air_support_proponent,advisor
collaborationist_arch_bishop,advisor
collectivization_specialist,advisor
colonial_communist,advisor
colonial_lawyer,advisor
combined_arms_expert,corps_commander
comintern_workhorse,country_leader
commander_of_the_fetno_derash,advisor
commander_of_the_fetno_derash_no_lar,advisor
commando,corps_commander
committed_anti_fascist,country_leader
committed_anti_fascist_no_lar,country_leader
communist_council_trait,country_leader
communist_orator,advisor
communist_revolutionary,advisor
communist_theorist,advisor
compassionate_commoner,advisor
compassionate_gentleman,advisor
concealment_expert,navy_leader
congolese_polymath,advisor
connected_citizen,advisor
conservative_communist,country_leader
conservative_grandee,advisor
conservative_nationalist,advisor
conservative_nationalist_lar,country_leader
constitutional_philosopher,advisor
cornered_fox,country_leader
corporate_knight,advisor
cossack_ataman,country_leader
council_communist,advisor
council_of_theorists,advisor
craven,navy_leader
crowned_adder,country_leader
cruiser_captain,navy_leader
cultural_preserver,country_leader
cuts_corners,navy_leader
dealbroker,country_leader
defeatist,country_leader
defender_of_the_homeland,country_leader
defensive_doctrine,corps_commander
defier_of_the_sun_god,country_leader
democratic_council_trait,country_leader
democratic_crusader,advisor
democratic_firebrand,advisor
democratic_reformer,advisor
democratic_restorationist,country_leader
desert_fox,corps_commander
desperate_gambit,country_leader
destroyer_leader,navy_leader
devoted_communist,advisor
devoted_corporatist,advisor
devoted_marxist,country_leader
devoted_trotskyist,country_leader
dictator,country_leader
disarmament_proponent,advisor
disdain_for_politicians_1,country_leader
dislikes_germany,country_leader
dislikes_soviet,country_leader
district_commisioner_of_leopoldville,advisor
dive_bomber,advisor
driver_of_the_faithful,advisor
duke_of_aosta,country_leader
duke_of_castro,country_leader
duke_of_teschen_king_of_bohemia,country_leader
dynastic_reformer,country_leader
dynasty_founder,country_leader
dysfunctional_assembly,country_leader
eager_collaborator,country_leader
ecomonist_publicist,advisor
economic_organizer,advisor
economic_reformer,advisor
economist,advisor
economy_reformer,advisor
editor,advisor
education_reformer,advisor
emigre_connections,country_leader
emperor_and_autocrat_of_all_the_russias,country_leader
emperor_of_the_purple_forbidden_city,country_leader
engineer_officer,corps_commander
ethnarch,country_leader
exiled_dissident,advisor
exiled_tutsi_king,advisor
experienced_insurgent,country_leader
expert_code_cracker,advisor
expert_delegator,field_marshal
expert_improviser,corps_commander
expert_unifier,country_leader
face_licker,advisor
falangist_figurehead,advisor
falangist_industrialist,advisor
falangist_militarist,advisor
falangist_syndicalist,advisor
fascist_corporatist,advisor
fascist_council_trait,country_leader
fascist_demagogue,advisor
fascist_militia_leader,country_leader
fascist_orchestrator,country_leader
fascist_sympathies,country_leader
fast_planner,field_marshal
father_of_polish_nationalism,country_leader
father_of_the_turks,country_leader
feminist_minister,advisor
feminist_ultranationalist,advisor
finance_graduate,advisor
financial_expert,advisor
finansminister,advisor
first_lady,advisor
fleet_protector,navy_leader
flight_deck_manager,navy_leader
fly_swatter,navy_leader
former_leader_of_red_finland,advisor
forsvarsminister,advisor
fortification_armchair_general,advisor
fortification_engineer,advisor
fortress_architecht,advisor
fortress_buster,corps_commander
freedom_fighter,country_leader
gallant_doctor,country_leader
gallo,advisor
generallissimo,country_leader
genial_anti_revolutionary,advisor
gentle_scholar,advisor
gentlemanly,navy_leader
georgian_irredentist_writer,country_leader
gifted_shipping_magnate,advisor
governor_of_the_andaman_islands,advisor
gran_carabinero,advisor
grand_battle_plan_expert,advisor
grand_fleet_proponent,advisor
grand_vizier_nursi,advisor
grandpa_vainamoinen,country_leader
green_water_expert,navy_leader
ground_pounder,navy_leader
guerilla_expert,advisor
guerilla_fighter,corps_commander
guerilla_warfare_expert,advisor
gunnery_expert,navy_leader
hardened_officer,country_leader
hardline_latvian_nationalist,advisor
harsh_leader,corps_commander
harsh_propagandist,advisor
hawk,advisor
he_who_bears_the_throne,country_leader
head_directorate_of_new_buildings,advisor
head_of_intelligence,advisor
head_of_special_committe_for_katanga,advisor
head_of_the_abwehr,advisor
head_of_the_nkvd_beriya_initial,advisor
head_of_the_nkvd_yagoda_initial,advisor
head_of_the_nkvd_yezhov_initial,advisor
headstrong,country_leader
heels_nipper,advisor
hierarch_minister_of_corporations,advisor
hierarch_minister_of_education,advisor
hierarch_minister_of_foreign_affairs,advisor
hierarch_minister_of_justice,advisor
hill_fighter,corps_commander
hindu_nationalist,country_leader
humanist,advisor
hurja_hilja,advisor
idealist_revolutionary,country_leader
ideological_crusader,advisor
ideological_groupie,advisor
il_duce,country_leader
imprisoned_emperor,advisor
incompetent_leader,country_leader
indecisive,country_leader
independence_activist,advisor
independent_oil_operator,advisor
industry_magnate,advisor
industry_reformer,advisor
inexperienced_socialist,country_leader
inexperienced_sultan_2,country_leader
infantry_expert,corps_commander
infantry_leader,corps_commander
infantry_officer,corps_commander
inflexible_strategist,corps_commander
inner_mongol_prp_chairman,country_leader
inshore_fighter,navy_leader
inspirational_bagpiper,corps_commander
inspirational_leader,corps_commander
intellectual_evolue_entrepreneur,advisor
international_anarchist,advisor
international_revolutionary,advisor
inventive_genius,advisor
iron_duke,country_leader
iron_lazar,advisor
ironside,navy_leader
irredentist_academic,advisor
irregulars_officer,corps_commander
islamic_scholar,advisor
jaeger,corps_commander
japanizer,advisor
jefe,country_leader
jungle_rat,corps_commander
karelian_irredentist_writer,advisor
kautskyian_socialist,advisor
khmer_issarak_leader,country_leader
king_father,country_leader
king_of_kings,country_leader
king_of_luang_prabang,country_leader
konbuang_dynasty_descendant,country_leader
la_pasionaria,advisor
lancer,navy_leader
landbrugsminister,advisor
latvian_militant,country_leader
leader_of_the_agrarian_union,advisor
left_sanationist_minister,advisor
left_trade_unionist,advisor
leftist_freemason,advisor
leftist_independent,country_leader
leftist_intellectual,advisor
leftist_legionary,advisor
legitimate_heir,country_leader
leider,country_leader
liberal_democratic_paragon,country_leader
liberal_economist,advisor
liberal_journalist,advisor
liberal_professor,advisor
lieutenant_of_industry,advisor
lifelong_carlist,advisor
likes_germany,country_leader
likes_turkey,country_leader
little_churchill,country_leader
little_rocket_man,advisor
litunga_of_the_barotse,country_leader
logistics_wizard,field_marshal
loyal_falangist,advisor
loyalty_to_britain,corps_commander
loyalty_to_india,corps_commander
loyalty_to_pakistan,corps_commander
maan_turva_headman,advisor
married_to_latvia,advisor
marxist_academic,advisor
marxist_fundamentalist,advisor
marxist_philosopher,advisor
marxist_priest,advisor
mass_assault_expert,advisor
master_armorer,advisor
master_of_politics,country_leader
mastermind_code_cracker,advisor
media_personality,corps_commander
member_of_the_suojeluskunta,country_leader
militant_minister,advisor
military_theorist,advisor
militias_officer,corps_commander
milli_sef,country_leader
mine_craft,navy_leader
minister_of_ecclesiastical_affairs,advisor
minister_of_finance_deressa,advisor
minister_of_finance_mariyam,advisor
minister_of_peasants,advisor
minister_of_posts_and_telegraphs,advisor
minister_of_the_interior_abate,advisor
minister_of_the_interior_aregai,advisor
minister_of_the_interior_aregai_no_lar,advisor
mladorossi_theorist,advisor
mobile_warfare_expert,advisor
model_cajander,advisor
moderate_reformist,country_leader
modernist_and_reformer,advisor
modernizer_and_diplomat,advisor
mon_dynasty_descendant,country_leader
monarchist_media_mogul,advisor
monarchist_puppet,country_leader
morges_champion,country_leader
motor_tycoon,advisor
munckska_karens_member,advisor
museum_curator,advisor
muslim_scholar,advisor
national_determinist,advisor
national_integralist,advisor
national_propagandist,advisor
national_socialist_paramilitarist,advisor
national_socialist_veterinarian,advisor
nationalist_journalist,advisor
nationalist_lutheran_priest,advisor
naval_architect,advisor
naval_aviation_pioneer,advisor
naval_invader,corps_commander
naval_lineage,navy_leader
naval_theorist,advisor
navy_amphibious_assault_2,advisor
navy_amphibious_assault_3,advisor
navy_anti_submarine_1,advisor
navy_anti_submarine_2,advisor
navy_capital_ship_1,advisor
navy_capital_ship_2,advisor
navy_career_officer,navy_leader
navy_carrier_2,advisor
navy_chief_commerce_raiding_1,advisor
navy_chief_commerce_raiding_2,advisor
navy_chief_commerce_raiding_3,advisor
navy_chief_decisive_battle_1,advisor
navy_chief_decisive_battle_2,advisor
navy_chief_maneuver_1,advisor
navy_chief_maneuver_2,advisor
navy_chief_naval_aviation_1,advisor
navy_chief_naval_aviation_2,advisor
navy_chief_old_guard,advisor
navy_chief_reform_1,advisor
navy_chief_reform_2,advisor
navy_chief_reform_3,advisor
navy_fleet_logistics_1,advisor
navy_fleet_logistics_2,advisor
navy_media_personality,navy_leader
navy_naval_air_defense_1,advisor
navy_naval_air_defense_2,advisor
navy_screen_1,advisor
navy_screen_2,advisor
navy_submarine_1,advisor
navy_submarine_2,advisor
nazi_sympathizer,advisor
new_religious_independence_activist,advisor
nkvd_rezident,advisor
noble_beurocrat,advisor
non_aligned_council_trait,country_leader
nuclear_enthusiast,advisor
offensive_doctrine,corps_commander
old_figurehead,advisor
old_guard,corps_commander
old_guard_navy,navy_leader
organisational_leader,corps_commander
organizer,corps_commander
orthodox_rabblerouser,advisor
paasikivi_doctrine,country_leader
pan_africanist_socialist,country_leader
pan_americanist_caudillo,country_leader
pan_turkic_doyen,advisor
panzer_expert,corps_commander
panzer_leader,corps_commander
partisans_organizer,advisor
pashtun_nationalist,advisor
patriarch_of_moscow_and_all_russia,advisor
patriot_king,country_leader
patriotic_guerilla,country_leader
patriotic_socialist,advisor
patroness_of_ethiopian_red_cross,advisor
pc_for_foreign_affairs_litvinov,advisor
pc_for_foreign_affairs_molotov,advisor
pc_military_naval_affairs,advisor
peoples_commisar_of_heavy_industries,advisor
peoples_commissar_for_posts_and_telegraphs,advisor
peoples_commissar_of_finance,advisor
personal_agenda_aaltonen,country_leader
personal_agenda_annala,country_leader
personal_agenda_kallio,country_leader
personal_agenda_kuusinen,country_leader
personal_agenda_leino,country_leader
personal_agenda_mannerheim,country_leader
personal_agenda_paasikivi,country_leader
personal_agenda_ryti,country_leader
personal_agenda_svinhufvud,country_leader
personal_agenda_tanner,country_leader
polemarch,country_leader
polish_legionary,country_leader
polish_peasant_champion,country_leader
political_chameleon,advisor
political_commissar,advisor
political_manipulator,country_leader
politically_connected,corps_commander
popular_figurehead,advisor
popular_figurehead2,country_leader
popular_figurehead3,advisor
popular_queen,advisor
pragmatic_authoritarian,advisor
pragmatic_socialist,country_leader
priestly_prime_minister,advisor
prime_minister_atsiz,advisor
prime_minister_aydemir,advisor
prime_minister_bayar,advisor
prime_minister_cakmak,advisor
prime_minister_demirag,advisor
prime_minister_husnu,advisor
prime_minister_inonu,advisor
prime_minister_menderes,advisor
prime_minister_okyar,advisor
prime_minister_peker,advisor
prime_minister_saracoglu,advisor
prince_of_terror,advisor
princess_of_terror,advisor
pro_allied_governor_general,country_leader
pro_allied_politician,country_leader
propaganda_bungler,advisor
propaganda_expert,advisor
protector_of_cultural_heritage,advisor
quartermaster_general,advisor
quartermaster_trainee,advisor
queen_of_the_people,advisor
ranger,corps_commander
rapa_nui_ariki,country_leader
rearmament_proponent,advisor
rearmer,advisor
rebellious_educator,advisor
red_army_organizer,advisor
red_suffragette,advisor
reformist_menshevik,country_leader
regional_traditionalist_leader,advisor
reluctant_interventionist,country_leader
reluctant_stalinist,country_leader
reluctant_veteran,country_leader
renaissance_man,country_leader
renowned_revolutionary_poet,country_leader
resistance_artist,advisor
resistance_banker,advisor
resistance_leader,country_leader
resolute_social_democrat,advisor
retired_officer,country_leader
revolutionary_author,advisor
revolutionary_barrister,advisor
revolutionary_council,country_leader
revolutionary_culture_minister,advisor
revolutionary_poet,advisor
rich_sultan,country_leader
right_industrialist,advisor
right_trade_unionist,advisor
royal_legitimist,country_leader
royalist_bulldog,advisor
ruanda_urundi_governor,advisor
safety_first,navy_leader
sanation_militarist,advisor
scavenger,corps_commander
scholar_of_ethiopian_and_somali_studies,advisor
seasoned_administrator,country_leader
seawolf,navy_leader
self_rule_activist,advisor
shadow_of_calles,advisor
sharp_tongued_lawyer,advisor
sikh_activist,advisor
silent_hunter,navy_leader
silent_mule,advisor
silent_workhorse,advisor
silver_tongue_no_lar,advisor
sins_of_the_father,country_leader
skanderbeg_ii,country_leader
skilled_staffer,corps_commander
skillful_diplomat,advisor
skirmisher,corps_commander
smoke_screen_expert,navy_leader
smooth_talking_charmer,advisor
smooth_talking_con_man,advisor
snuggler,advisor
socdem_reformist,advisor
social_agitator,advisor
social_reformer,advisor
social_revolutionary,advisor
socialist_autocrat,advisor
socialist_economist,advisor
socialist_journalist,advisor
socialist_justice,advisor
socialist_novelist,advisor
socialist_writer,advisor
sotamarsalkka,country_leader
soviet_economist,advisor
soviet_thaw,country_leader
special_envoy,advisor
special_operations_specialist,advisor
spotter,navy_leader
spymaster,advisor
spymaster_no_lar,advisor
stalin_heart_of_steel,country_leader
statism_adept,advisor
staunch_anti_fascist,country_leader
staunch_aristocrat,advisor
staunch_imperialist,country_leader
staunch_loyalist,advisor
staunch_monarchist,advisor
staunch_stalinist,advisor
stout_defender,country_leader
strict_austerity_adherent,country_leader
submarine_specialist,advisor
subservient_democrat,advisor
subservient_ultranationalist,advisor
substance_abuser,corps_commander
sultan_of_sokoto,country_leader
superior_firepower_expert,advisor
superior_tactician,navy_leader
supreme_representative_of_god_on_earth,country_leader
surveyor,advisor
syncretic_revanchist,advisor
tata_chairman,advisor
teacher_and_independence_advocate,advisor
technocrat,advisor
tenacious_negotiator,advisor
the_dragon_king,country_leader
the_dutch_nobleman,country_leader
the_foreign_connection,advisor
the_german_connection,country_leader
the_grand_council,country_leader
the_hero_of_the_leipzig_trials,country_leader
the_king_of_the_castle,advisor
the_last_romanov_maybe,country_leader
the_masses_opium,advisor
the_red_ras,country_leader
the_republican_rebel,country_leader
the_sacred_king,country_leader
the_soldier_king,country_leader
the_statist,country_leader
the_vietnamese_third_way,country_leader
theocratic_diplomat,advisor
thorough_planner,corps_commander
torpedo_expert,navy_leader
traditionalist_theorist,advisor
trait_BUL_tsar_loyalist,corps_commander
trait_BUL_zveno_member,corps_commander
trait_GRE_stauch_monarchist,corps_commander
trait_GRE_venezelist_loyalist,corps_commander
trait_HUN_fascist_sympathies,corps_commander
trait_HUN_vitez,corps_commander
trait_JAP_kodoha_sympathizer,corps_commander
trait_SOV_determined,corps_commander
trait_SPA_nationalist_sympathies,corps_commander
trait_TUR_kemalist_champion,corps_commander
trait_cautious,corps_commander
trait_engineer,corps_commander
trait_mountaineer,corps_commander
trait_mwami,country_leader
trait_reckless,corps_commander
trait_ummwami,country_leader
transnational_anarchist,advisor
tribal_warrior,country_leader
trickster,corps_commander
tsar_unifier,country_leader
tsars_puppet,advisor
udenrigsminister,advisor
underage_monarch,advisor
undervisningsminister,advisor
unruly_falangist,country_leader
unyielding_defender,field_marshal
urban_assault_specialist,corps_commander
vapsid_economist,advisor
vatan_ideologue,advisor
veteran_anti_bolshevik,advisor
veteran_communist,country_leader
veteran_minister,advisor
veteran_trade_unionist,advisor
viceroy_of_aoi,country_leader
victory_through_airpower,advisor
voice_of_restraint,advisor
war_hero,corps_commander
war_industrialist,advisor
war_profiteer,advisor
warrior_code,country_leader
welfare_architect,advisor
well_mannered_iman,advisor
white_chaplain,advisor
white_liberal,advisor
white_liberal_leader,country_leader
wilhelmina,country_leader
winter_expert,corps_commander
winter_specialist,corps_commander
womens_rights_activist,advisor
