modifier_key,icon,attacker_modifier,source_file
sabotaged_resources,GFX_modifiers_sabotaged_resource,,0_dynamic_modifiers.txt
autonomous_state,GFX_modifiers_sabotaged_resource,,0_dynamic_modifiers.txt
semi_autonomous_state,GFX_modifiers_sabotaged_resource,,0_dynamic_modifiers.txt
kurdish_agitation,GFX_modifiers_tur_kurdish_agitation,,0_dynamic_modifiers.txt
kurdish_separatism,GFX_modifiers_tur_kurdish_separatism,,0_dynamic_modifiers.txt
dense_rural_infrastructure,GFX_modifiers_SOV_civilian_labor_in_defense,,0_dynamic_modifiers.txt
yellow_river_blown,GFX_decision_hol_inundate_water_lines,,0_dynamic_modifiers.txt
kurdish_rebellion,GFX_modifiers_tur_kurdish_rebellion,,0_dynamic_modifiers.txt
separatist_fatigue,GFX_modifiers_tur_kurdish_fatigue,,0_dynamic_modifiers.txt
turanist_assimilation,GFX_modifiers_tur_pan_turkic_propaganda,,0_dynamic_modifiers.txt
conscription_exemptions_granted,GFX_modifiers_conscription_exemptions_granted,,0_dynamic_modifiers.txt
islamist_opposition,GFX_modifiers_tur_traditionalist_unrest,,0_dynamic_modifiers.txt
islamist_sedition,GFX_modifiers_tur_traditionalist_sedition,,0_dynamic_modifiers.txt
islamist_insurgency,GFX_modifiers_tur_traditionalist_insurgency,,0_dynamic_modifiers.txt
islamists_placated,GFX_modifiers_tur_traditionalist_placated,,0_dynamic_modifiers.txt
devout_islamists,GFX_modifiers_tur_traditionalist_placated,,0_dynamic_modifiers.txt
kemalist_loyalties,GFX_modifiers_tur_kemalist_loyalties,,0_dynamic_modifiers.txt
kemalist_schemers,GFX_modifiers_tur_kemalist_unrest,,0_dynamic_modifiers.txt
BUL_foreign_industry_dynamic_modifier,GFX_idea_man_five_year_plan_industry,,0_dynamic_modifiers.txt
skirmishes_against_imro,GFX_modifiers_bul_macedonian_revolutionaries,,0_dynamic_modifiers.txt
widespread_bulgarian_sentiment_01,GFX_modifiers_bul_arranged_bulgarian_occupation,,0_dynamic_modifiers.txt
widespread_bulgarian_sentiment_02,GFX_modifiers_bul_arranged_bulgarian_occupation,,0_dynamic_modifiers.txt
bulgarian_territorial_expansion_arranged,GFX_modifiers_bul_arranged_territorial_expansion,,0_dynamic_modifiers.txt
BUL_our_duty_in_the_balkans_dynamic_modifier,GFX_idea_generic_fortify_the_borders,,0_dynamic_modifiers.txt
international_city,GFX_modifiers_sabotaged_resource,,0_dynamic_modifiers.txt
international_city_2,GFX_modifiers_sabotaged_resource,,0_dynamic_modifiers.txt
international_city_3,GFX_modifiers_sabotaged_resource,,0_dynamic_modifiers.txt
international_city_4,GFX_modifiers_sabotaged_resource,,0_dynamic_modifiers.txt
unity_propaganda,GFX_modifiers_sabotaged_resource,,0_dynamic_modifiers.txt
military_appeasement,GFX_modifiers_sabotaged_resource,,0_dynamic_modifiers.txt
POL_plan_modifier,GFX_modifiers_generic_military_plans,,0_dynamic_modifiers.txt
POL_anti_soviet_offensive,GFX_modifiers_sabotaged_resource,,0_dynamic_modifiers.txt
POL_anti_german_offensive,GFX_modifiers_sabotaged_resource,,0_dynamic_modifiers.txt
POL_peasant_communities,GFX_modifiers_SOV_civilian_labor_in_defense,,0_dynamic_modifiers.txt
BALTIC_soviet_settlers,GFX_idea_generic_fortify_the_borders,,0_dynamic_modifiers.txt
unplanned_offensive,GFX_unplanned_offensive,yes,0_dynamic_modifiers.txt
SOV_defend_moscow,GFX_modifiers_SOV_defend_moscow,,0_dynamic_modifiers.txt
SOV_increased_metals_production,GFX_modifiers_increased_metal_production,,0_dynamic_modifiers.txt
SOV_invaders_must_die,GFX_modifiers_SOV_invaders_must_die,,0_dynamic_modifiers.txt
SOV_seraya_loshad_battery,GFX_modifiers_SOV_armored_battery,,0_dynamic_modifiers.txt
SOV_krasnaya_gorka_battery,GFX_modifiers_SOV_armored_battery,,0_dynamic_modifiers.txt
SOV_armored_battery_35,GFX_modifiers_SOV_armored_battery,,0_dynamic_modifiers.txt
SOV_factory_worker_militias_raised,GFX_modifiers_SOV_factory_worker_militias,,0_dynamic_modifiers.txt
SOV_civilian_labor_in_defense_mod,GFX_modifiers_SOV_civilian_labor_in_defense,,0_dynamic_modifiers.txt
SOV_soviet_military_offensive,GFX_modifiers_generic_military_plans,,0_dynamic_modifiers.txt
SOV_soviet_imports,GFX_modifiers_increased_metal_production,,0_dynamic_modifiers.txt
SOV_second_five_year_plan_dynamic_modifier,GFX_idea_SOV_second_five_year_plan_ccp_2d_sov_compatibility,,0_dynamic_modifiers.txt
SOV_third_five_year_plan_dynamic_modifier,GFX_idea_SOV_third_five_year_plan_ccp_2d_sov_compatibility,,0_dynamic_modifiers.txt
SOV_third_five_year_plan_civilian_dynamic_modifier,GFX_idea_SOV_third_five_year_plan_civilian_ccp_2d_sov_compatibility,,0_dynamic_modifiers.txt
SOV_third_five_year_plan_military_dynamic_modifier,GFX_idea_SOV_third_five_year_plan_military_ccp_2d_sov_compatibility,,0_dynamic_modifiers.txt
SOV_fourth_five_year_plan_dynamic_modifier,GFX_idea_SOV_fourth_five_year_plan,,0_dynamic_modifiers.txt
SOV_third_five_year_plan_dynamic_modifier_alt,GFX_idea_SOV_third_five_year_plan_ccp_2d_sov_compatibility,,0_dynamic_modifiers.txt
SOV_third_five_year_plan_civilian_dynamic_modifier_alt,GFX_idea_SOV_third_five_year_plan_civilian_ccp_2d_sov_compatibility,,0_dynamic_modifiers.txt
SOV_third_five_year_plan_military_dynamic_modifier_alt,GFX_idea_SOV_third_five_year_plan_military_ccp_2d_sov_compatibility,,0_dynamic_modifiers.txt
SOV_fourth_five_year_plan_dynamic_modifier_alt,GFX_idea_SOV_fourth_five_year_plan,,0_dynamic_modifiers.txt
SOV_ussr_academy_of_sciences_dynamic_modifier,GFX_idea_SOV_ussr_academy_of_sciences_ccp_2d_sov_compatibility,,0_dynamic_modifiers.txt
SOV_ussr_academy_of_sciences_dynamic_modifier_alt,GFX_idea_SOV_ussr_academy_of_sciences_ccp_2d_sov_compatibility,,0_dynamic_modifiers.txt
SOV_soviet_airforce_dynamic_modifier,GFX_idea_SOV_red_airforce_ccp_2d_sov_compatibility,,0_dynamic_modifiers.txt
SOV_soviet_airforce_aircraft_production_focus_dynamic_modifier,GFX_idea_SOV_red_airforce_ccp_2d_sov_compatibility,,0_dynamic_modifiers.txt
SOV_soviet_airforce_dynamic_modifier_alt,GFX_idea_SOV_red_airforce_alt_ccp_2d_sov_compatibility,,0_dynamic_modifiers.txt
SOV_soviet_airforce_aircraft_production_focus_dynamic_modifier_alt,GFX_idea_SOV_red_airforce_alt_ccp_2d_sov_compatibility,,0_dynamic_modifiers.txt
SOV_the_red_fleet_dynamic_modifier,GFX_idea_SOV_red_navy_ccp_2d_sov_compatibility,,0_dynamic_modifiers.txt
SOV_the_red_fleet_surface_1_dynamic_modifier,GFX_idea_SOV_red_navy_ccp_2d_sov_compatibility,,0_dynamic_modifiers.txt
SOV_the_red_fleet_surface_2_dynamic_modifier,GFX_idea_SOV_red_navy_ccp_2d_sov_compatibility,,0_dynamic_modifiers.txt
SOV_the_red_fleet_submarine_1_dynamic_modifier,GFX_idea_SOV_red_navy_ccp_2d_sov_compatibility,,0_dynamic_modifiers.txt
SOV_the_red_fleet_submarine_2_dynamic_modifier,GFX_idea_SOV_red_navy_ccp_2d_sov_compatibility,,0_dynamic_modifiers.txt
SOV_the_red_fleet_dynamic_modifier_alt,GFX_idea_SOV_red_navy_alt_ccp_2d_sov_compatibility,,0_dynamic_modifiers.txt
SOV_the_red_fleet_surface_1_dynamic_modifier_alt,GFX_idea_SOV_red_navy_alt_ccp_2d_sov_compatibility,,0_dynamic_modifiers.txt
SOV_the_red_fleet_surface_2_dynamic_modifier_alt,GFX_idea_SOV_red_navy_alt_ccp_2d_sov_compatibility,,0_dynamic_modifiers.txt
SOV_the_red_fleet_submarine_1_dynamic_modifier_alt,GFX_idea_SOV_red_navy_alt_ccp_2d_sov_compatibility,,0_dynamic_modifiers.txt
SOV_the_red_fleet_submarine_2_dynamic_modifier_alt,GFX_idea_SOV_red_navy_alt_ccp_2d_sov_compatibility,,0_dynamic_modifiers.txt
SOV_defense_industry_dynamic_modifier,GFX_idea_SOV_defense_industry_ccp_2d_sov_compatibility,,0_dynamic_modifiers.txt
SOV_the_red_army_dynamic_modifier,GFX_idea_SOV_red_army_ccp_2d_sov_compatibility,,0_dynamic_modifiers.txt
SOV_the_red_army_dynamic_modifier_alt,GFX_idea_SOV_red_army_alt_ccp_2d_sov_compatibility,,0_dynamic_modifiers.txt
SOV_the_politburo_good_dynamic_modifier,GFX_idea_SOV_the_politburo_ccp_2d_sov_compatibility,,0_dynamic_modifiers.txt
SOV_factionalism_modifier,GFX_idea_SOV_factionalism_modifier,,0_dynamic_modifiers.txt
SOV_opposition_popular_support,GFX_idea_FRA_scw_intervention_republicans_focus,,0_dynamic_modifiers.txt
SOV_planned_economy_dynamic_modifier,GFX_idea_eng_for_the_good_of_the_revolution,,0_dynamic_modifiers.txt
SOV_capital_of_the_tsars,GFX_modifiers_SOV_capital_of_the_tsars,,0_dynamic_modifiers.txt
RAJ_agrarian_society_dynamic,GFX_idea_generic_agrarian_society,,0_dynamic_modifiers.txt
RAJ_industrialized_personnel,GFX_modifiers_generic_military_plans,,0_dynamic_modifiers.txt
PAR_protected_by_humaita,GFX_modifiers_SOV_defend_moscow,,0_dynamic_modifiers.txt
malaria,GFX_modifiers_SOV_defend_moscow,,0_dynamic_modifiers.txt
AFG_subsistence_economy_modifier,GFX_idea_generic_agrarian_society,,GoE_dynamic_modifiers.txt
AFG_economic_regionalism,GFX_modifiers_BRA_neglected_state,,GoE_dynamic_modifiers.txt
AFG_electrification_modifier,GFX_modifiers_ETH_state_development,,GoE_dynamic_modifiers.txt
AFG_quami_modifier,GFX_idea_AFG_quami,,GoE_dynamic_modifiers.txt
AFG_nufus_modifier,GFX_idea_AFG_adopt_nufus,,GoE_dynamic_modifiers.txt
AFG_border_resistance_modifier,GFX_modifiers_generic_resistance,,GoE_dynamic_modifiers.txt
AFG_amanullah_insurection_modifier,GFX_idea_generic_fascism_drift_bonus,,GoE_dynamic_modifiers.txt
AFG_look_to_the_past_modifier,GFX_idea_PER_islamic_traditions_ns,,GoE_dynamic_modifiers.txt
AFG_1923_constitution_modifier,GFX_idea_generic_constitutional_guarantees,,GoE_dynamic_modifiers.txt
AFG_resistance_active_here,GFX_modifiers_generic_military_plans,,GoE_dynamic_modifiers.txt
AFG_disgruntled_minority,GFX_modifiers_generic_resistance,,GoE_dynamic_modifiers.txt
AFG_arranged_expansion_modifier,GFX_modifiers_generic_fascist_corporatism,,GoE_dynamic_modifiers.txt
idea_RAJ_independence_movement,GFX_idea_RAJ_independence_movement,,GoE_dynamic_modifiers.txt
idea_RAJ_indian_air_force,GFX_idea_generic_air_bonus,,GoE_dynamic_modifiers.txt
idea_RAJ_royal_indian_navy,GFX_idea_generic_navy_bonus,,GoE_dynamic_modifiers.txt
idea_RAJ_tea_exports,GFX_idea_stiff_upper_lip,,GoE_dynamic_modifiers.txt
idea_RAJ_agrarian_society,GFX_idea_generic_agrarian_society,,GoE_dynamic_modifiers.txt
idea_RAJ_resistant_to_occupation,GFX_modifiers_FIN_weapon_caches,,GoE_dynamic_modifiers.txt
idea_RAJ_sikh_approval,GFX_modifiers_RAJ_sikh_approval,,GoE_dynamic_modifiers.txt
idea_RAJ_sikh_approval_1,GFX_modifiers_RAJ_sikh_approval,,GoE_dynamic_modifiers.txt
idea_RAJ_sikh_approval_2,GFX_modifiers_RAJ_sikh_approval,,GoE_dynamic_modifiers.txt
idea_RAJ_indian_railways,GFX_idea_ARG_invest_in_railways,,GoE_dynamic_modifiers.txt
idea_RAJ_funded_by_princely_states,GFX_idea_generic_improved_industries,,GoE_dynamic_modifiers.txt
idea_RAJ_mughal_influence,GFX_modifiers_RAJ_mughal_influence,,GoE_dynamic_modifiers.txt
idea_RAJ_five_year_plan,GFX_idea_man_five_year_plan_industry,,GoE_dynamic_modifiers.txt
RAJ_a_loyal_government,GFX_idea_RAJ_loyal_government,,GoE_dynamic_modifiers.txt
RAJ_indian_gentlemen_officers_goe,GFX_idea_raj_indian_gentlemen_officers,,GoE_dynamic_modifiers.txt
RAJ_south_east_asia_command_dm,GFX_idea_raj_indian_gentlemen_officers,,GoE_dynamic_modifiers.txt
RAJ_fortified_position,GFX_modifiers_generic_defense,,GoE_dynamic_modifiers.txt
PER_airforce_modifier,GFX_idea_generic_air_fighter,,GoE_dynamic_modifiers.txt
PER_legacy_of_greatness_modifier,GFX_idea_PER_legacy_of_greatness_modifier,,GoE_dynamic_modifiers.txt
PER_offensive_tactics_modifier,GFX_idea_generic_war_preparation,,GoE_dynamic_modifiers.txt
PER_defensive_maneuvers_modifier,GFX_idea_generic_wall_line,,GoE_dynamic_modifiers.txt
PER_state_local_defensive_dynamic_modifier,GFX_modifiers_generic_military_plans,,GoE_dynamic_modifiers.txt
PER_opposition_modifier,GFX_idea_EST_democratic_opposition,,GoE_dynamic_modifiers.txt
PER_technological_modifier,GFX_idea_generic_research_bonus,,GoE_dynamic_modifiers.txt
idea_RAJ_famine_state,GFX_modifiers_RAJ_famine_state,,GoE_dynamic_modifiers.txt
idea_RAJ_famine_country,GFX_idea_RAJ_state_of_famine_country,,GoE_dynamic_modifiers.txt
idea_RAJ_epidemic,GFX_modifiers_RAJ_famine_state,,GoE_dynamic_modifiers.txt
idea_RAJ_war_taxes,GFX_idea_RAJ_taxes,,GoE_dynamic_modifiers.txt
idea_RAJ_aden_treaty_port,GFX_modifiers_RAJ_aden_treaty_port,,GoE_dynamic_modifiers.txt
idea_RAJ_eic_taxes,GFX_idea_RAJ_taxes,,GoE_dynamic_modifiers.txt
idea_RAJ_eic_dividends_investment,GFX_idea_RAJ_issue_bonds_on_the_stock_market,,GoE_dynamic_modifiers.txt
PER_stand_with_giants_modifier,GFX_idea_PER_stand_with_giants_modifier,,GoE_dynamic_modifiers.txt
KUR_resistance_modifier,GFX_modifiers_tur_kurdish_separatism,,GoE_dynamic_modifiers.txt
IRQ_shia_resistance_modifier,GFX_modifiers_tur_traditionalist_insurgency,,GoE_dynamic_modifiers.txt
PER_resistance_modifier,GFX_modifiers_bul_macedonian_revolutionaries,,GoE_dynamic_modifiers.txt
PER_promoting_resistance_here,GFX_modifiers_bul_macedonian_revolutionaries,,GoE_dynamic_modifiers.txt
PER_opposition_cell,GFX_modifiers_generic_resistance,,GoE_dynamic_modifiers.txt
PER_special_units_division_idea,GFX_idea_PER_special_units_division_idea,,GoE_dynamic_modifiers.txt
IRQ_royal_army_modifier,GFX_IRQ_royal_army_modifier,,GoE_dynamic_modifiers.txt
IRQ_royal_army_modifier_IRQ,GFX_IRQ_royal_army_modifier,,GoE_dynamic_modifiers.txt
IRQ_royal_army_modifier_KUR,GFX_IRQ_royal_army_modifier,,GoE_dynamic_modifiers.txt
IRQ_air_force_modifier,GFX_IRQ_air_force_modifier,,GoE_dynamic_modifiers.txt
IRQ_air_force_modifier_IRQ,GFX_IRQ_air_force_modifier,,GoE_dynamic_modifiers.txt
IRQ_air_force_modifier_KUR,GFX_IRQ_air_force_modifier,,GoE_dynamic_modifiers.txt
IRQ_navy_modifier,GFX_IRQ_navy_modifier,,GoE_dynamic_modifiers.txt
IRQ_navy_modifier_IRQ,GFX_IRQ_navy_modifier,,GoE_dynamic_modifiers.txt
IRQ_navy_modifier_KUR,GFX_IRQ_navy_modifier,,GoE_dynamic_modifiers.txt
IRQ_river_navy,GFX_MODIFIER_NAVAL_INVASION_DIVISION_CAP,,GoE_dynamic_modifiers.txt
SSB_saadabad_pact,GFX_idea_PER_saadabad_pact,,GoE_dynamic_modifiers.txt
idea_RAJ_rural_development,GFX_modifiers_SOV_civilian_labor_in_defense,,GoE_dynamic_modifiers.txt
idea_RAJ_large_scale_urbanization,GFX_modifiers_generic_construction,,GoE_dynamic_modifiers.txt
HABSBURG_army_modifier,GFX_idea_HABSBURG_army,,HABSBURG_dynamic_modifiers.txt
HABSBURG_cavalry_modifier,GFX_idea_HABSBURG_cavalry,,HABSBURG_dynamic_modifiers.txt
HABSBURG_economy_dynamic_modifier,GFX_idea_HABSBURG_economy,,HABSBURG_dynamic_modifiers.txt
HABSBURG_joint_industry_modifier,GFX_idea_HABSBURG_industry,,HABSBURG_dynamic_modifiers.txt
JAP_imperial_influence_dm,GFX_idea_JAP_imperial_influence,,SEA_dynamic_modifiers.txt
JAP_imperial_influence_communist_dm,GFX_idea_JAP_imperial_influence_communist,,SEA_dynamic_modifiers.txt
JAP_state_shinotism_dm,GFX_idea_state_shintoism,,SEA_dynamic_modifiers.txt
JAP_showa_statism_modifier,GFX_idea_JAP_showa_statism,,SEA_dynamic_modifiers.txt
JAP_the_imperial_way_dm,GFX_idea_JAP_the_imperial_way,,SEA_dynamic_modifiers.txt
JAP_civilian_cabinet_modifier,GFX_idea_JAP_the_civilian_cabinet,,SEA_dynamic_modifiers.txt
JAP_communist_party_modifier,GFX_idea_JAP_the_japanese_communist_party,,SEA_dynamic_modifiers.txt
JAP_rounouha_modifier,GFX_idea_JAP_rounou_ha,,SEA_dynamic_modifiers.txt
JAP_educating_the_peasants_modifier,GFX_idea_generic_research_bonus,,SEA_dynamic_modifiers.txt
JAP_imperial_army_dm,GFX_idea_JAP_imperial_army,,SEA_dynamic_modifiers.txt
JAP_national_army_dm,GFX_idea_JAP_imperial_army,,SEA_dynamic_modifiers.txt
JAP_imperial_navy_dm,GFX_idea_JAP_imperial_navy,,SEA_dynamic_modifiers.txt
JAP_japanese_navy_dm,GFX_idea_JAP_imperial_navy,,SEA_dynamic_modifiers.txt
JAP_army_and_naval_air_services_dm,GFX_idea_JAP_air_services,,SEA_dynamic_modifiers.txt
JAP_japanese_airforce_dm,GFX_idea_JAP_air_services,,SEA_dynamic_modifiers.txt
JAP_early_industrialization_efforts_dm,GFX_idea_JAP_japanese_economy,,SEA_dynamic_modifiers.txt
JAP_the_economic_mirale_dm,GFX_idea_JAP_japanese_economy,,SEA_dynamic_modifiers.txt
JAP_east_asia_co_prosperity_sphere_dm,GFX_idea_JAP_east_asian_co_prosperity,,SEA_dynamic_modifiers.txt
JAP_first_strike_principle_dm,GFX_idea_generic_japanese_conflict,,SEA_dynamic_modifiers.txt
JAP_kantai_kessen_dm,GFX_idea_generic_navy_cruiser_warfare,,SEA_dynamic_modifiers.txt
JAP_advanced_weapon_projects_dm,GFX_idea_JAP_advanced_weapons_programs,,SEA_dynamic_modifiers.txt
JAP_industrial_relocation_resources,GFX_idea_ARG_economic_reactivation,,SEA_dynamic_modifiers.txt
JAP_operation_MO_military_offensive,GFX_modifiers_JAP_japanese_offensive,,SEA_dynamic_modifiers.txt
JAP_resource_extraction_investments_dm,GFX_modifiers_generic_construction,,SEA_dynamic_modifiers.txt
JAP_chinese_offensive_military_offensive,GFX_modifiers_JAP_japanese_offensive,,SEA_dynamic_modifiers.txt
JAP_regional_development,GFX_modifiers_generic_construction,,SEA_dynamic_modifiers.txt
JAP_intense_anti_guerilla_operation,GFX_modifiers_JAP_desperate_defense,,SEA_dynamic_modifiers.txt
KOR_resistance_against_colonial_rule_dm,GFX_modifiers_generic_resistance,,SEA_dynamic_modifiers.txt
JAP_taiheyo_belt_modifier,GFX_modifiers_JAP_taiheiyo_belt,,SEA_dynamic_modifiers.txt
JAP_state_under_army_control,GFX_modifiers_JAP_army_control,,SEA_dynamic_modifiers.txt
JAP_state_under_rebel_control,GFX_modifiers_JAP_rebel_control,,SEA_dynamic_modifiers.txt
JAP_state_infiltrated_by_the_jcp,GFX_modifiers_GER_socialist_movement,,SEA_dynamic_modifiers.txt
JAP_state_supporting_resistance_modifier,GFX_modifiers_bul_macedonian_revolutionaries,,SEA_dynamic_modifiers.txt
JAP_pro_japanese_sentiment_in_state,GFX_modifiers_JAP_japanese_offensive,,SEA_dynamic_modifiers.txt
JAP_ainu_revoluton_theory_implemented_dm,GFX_modifiers_JAP_indigenous_socialism,,SEA_dynamic_modifiers.txt
JAP_urban_investments_modifier,GFX_modifiers_JAP_taiheiyo_belt,,SEA_dynamic_modifiers.txt
BRM_blown_up_oil_fields,GFX_modifiers_sabotaged_resource,,SEA_dynamic_modifiers.txt
CHI_corruption_in_the_administration,GFX_idea_ARG_political_corruption_modifier,,SEA_dynamic_modifiers.txt
CHI_reorganized_administration,GFX_idea_chi_warlord_integration5,,SEA_dynamic_modifiers.txt
CHI_illicit_trade,GFX_idea_CHI_illicit_trade_1,,SEA_dynamic_modifiers.txt
CHI_inefficient_economy,GFX_idea_CHI_inefficient_economy,,SEA_dynamic_modifiers.txt
CHI_neglected_countryside,GFX_idea_CHI_neglected_countryside,,SEA_dynamic_modifiers.txt
CHI_the_political_tutelage_dm,GFX_idea_CHI_the_political_tutelage_dm,,SEA_dynamic_modifiers.txt
CHI_the_political_tutelage_upgraded_dm,GFX_idea_CHI_the_republic_restored,,SEA_dynamic_modifiers.txt
CHI_corruption_in_the_armed_forces,GFX_idea_CHI_corruption_armed_forces,,SEA_dynamic_modifiers.txt
CHI_ROCAF,GFX_idea_CHI_air_force,,SEA_dynamic_modifiers.txt
CHI_ROCN,GFX_idea_CHI_republic_of_china_navy,,SEA_dynamic_modifiers.txt
CHI_protracted_warfare_idea,GFX_idea_CHI_protracted_warfare,,SEA_dynamic_modifiers.txt
CHI_decisive_battle_idea,GFX_idea_CHI_decisive_battle,,SEA_dynamic_modifiers.txt
CHI_unstructured_logistics,GFX_idea_generic_supply_depot,,SEA_dynamic_modifiers.txt
CHI_blue_shirt_society,GFX_idea_CHI_blue_shirt_society,,SEA_dynamic_modifiers.txt
CHI_gung_ho_idea,GFX_idea_CHI_initiate_gung_ho_movement,,SEA_dynamic_modifiers.txt
CHI_new_life_movement,GFX_idea_CHI_new_life_movement,,SEA_dynamic_modifiers.txt
CHI_soviet_support,GFX_idea_CHI_lend_lease_soviet,,SEA_dynamic_modifiers.txt
CHI_american_support,GFX_idea_CHI_lend_lease_american,,SEA_dynamic_modifiers.txt
CHI_nine_power_treaty_sea,GFX_idea_CHI_nine_power_treaty_sea,,SEA_dynamic_modifiers.txt
CHI_american_reconstruction_support,GFX_idea_ARG_american_allyship,,SEA_dynamic_modifiers.txt
CHI_foreign_economic_support,GFX_idea_generic_supply_depot,,SEA_dynamic_modifiers.txt
CHI_academy_of_sciences_dm,GFX_idea_jap_supremacy_of_technology,,SEA_dynamic_modifiers.txt
CHI_bog_defensive_modifier,GFX_modifiers_CHI_bog_defensive_modifier,,SEA_dynamic_modifiers.txt
CHI_declared_war_zone_idea,GFX_modifiers_CHI_declared_war_zone_idea,,SEA_dynamic_modifiers.txt
CHI_shanghai_international_settlement,GFX_modifiers_CHI_shanghai_international_settlement,,SEA_dynamic_modifiers.txt
CHI_local_rural_reconstruction_modifier,GFX_modifiers_JAP_taiheiyo_belt,,SEA_dynamic_modifiers.txt
CHI_electrification_and_mass_education_modifier,GFX_modifiers_ETH_state_development,,SEA_dynamic_modifiers.txt
CHI_infiltrated_state_1,GFX_modifiers_PRC_infiltrated_state_1,,SEA_dynamic_modifiers.txt
CHI_infiltrated_state_2,GFX_modifiers_PRC_infiltrated_state_2,,SEA_dynamic_modifiers.txt
CHI_infiltrated_state_3,GFX_modifiers_PRC_infiltrated_state_3,,SEA_dynamic_modifiers.txt
PRC_the_chinese_red_army,GFX_idea_generic_communist_army,,SEA_dynamic_modifiers.txt
PRC_pla_ground_force,GFX_idea_PRC_pla_ground_force,,SEA_dynamic_modifiers.txt
PRC_pla_navy,GFX_idea_PRC_pla_navy,,SEA_dynamic_modifiers.txt
PRC_pla_air_force,GFX_idea_PRC_pla_air_force,,SEA_dynamic_modifiers.txt
PRC_agrarian_society,GFX_idea_generic_agrarian_society,,SEA_dynamic_modifiers.txt
PRC_agrarian_reform,GFX_idea_generic_agrarian_society,,SEA_dynamic_modifiers.txt
PRC_urban_society,GFX_idea_PRC_urbanization_idea,,SEA_dynamic_modifiers.txt
PRC_central_committee,GFX_idea_PRC_the_central_committee,,SEA_dynamic_modifiers.txt
PRC_bolshevik_dominance,GFX_idea_ast_abandon_the_westminster_system_communism,,SEA_dynamic_modifiers.txt
PRC_asian_democratic_union_modifier,GFX_idea_generic_democratic_drift_bonus,,SEA_dynamic_modifiers.txt
PRC_maoism_dynamic_modifier,GFX_idea_generic_communism_drift_bonus,,SEA_dynamic_modifiers.txt
PRC_guerilla_cells_active_1,GFX_modifier_generic_guerilla_base,,SEA_dynamic_modifiers.txt
PRC_guerilla_cells_active_2,GFX_modifier_generic_guerilla_base,,SEA_dynamic_modifiers.txt
PRC_anti_japanese_base,GFX_modifier_generic_sabotage,,SEA_dynamic_modifiers.txt
PRC_infiltrated_state_1,GFX_modifiers_PRC_infiltrated_state_1,,SEA_dynamic_modifiers.txt
PRC_infiltrated_state_2,GFX_modifiers_PRC_infiltrated_state_2,,SEA_dynamic_modifiers.txt
PRC_infiltrated_state_3,GFX_modifiers_PRC_infiltrated_state_3,,SEA_dynamic_modifiers.txt
PRC_urbanization_state_modifier_bonus,GFX_modifiers_PRC_urban_development,,SEA_dynamic_modifiers.txt
PRC_rural_development_state_modifier_bonus,GFX_modifiers_PRC_rural_development,,SEA_dynamic_modifiers.txt
PRC_28_bolshevik_faction_dynamic_modifier,GFX_idea_generic_communism_drift_bonus,,SEA_dynamic_modifiers.txt
PRC_probed_border_defenses,GFX_modifiers_BEL_eben_emael_raided,,SEA_dynamic_modifiers.txt
PRC_probed_border_defenses_victim,GFX_modifiers_BEL_eben_emael_raided,,SEA_dynamic_modifiers.txt
PRC_probed_border_defenses_victim_massive,GFX_modifiers_BEL_eben_emael_raided,,SEA_dynamic_modifiers.txt
PRC_infiltrated_border_defenses,GFX_modifiers_BEL_eben_emael_raided,,SEA_dynamic_modifiers.txt
PRC_sabotaged_border_defenses,GFX_modifiers_BEL_eben_emael_raided,,SEA_dynamic_modifiers.txt
PHI_the_great_depression_dynamic_modifier,GFX_idea_generic_economic_crisis,,SEA_dynamic_modifiers.txt
PHI_shaken_economy_dynamic_modifier,GFX_idea_generic_economic_recovery,,SEA_dynamic_modifiers.txt
PHI_recovering_economy_dynamic_modifier,GFX_idea_generic_mild_economic_recovery,,SEA_dynamic_modifiers.txt
PHI_economic_growth_dynamic_modifier,GFX_idea_generic_economic_increase,,SEA_dynamic_modifiers.txt
PHI_pearl_of_the_orient_dynamic_modifier,GFX_idea_PHI_pearl_of_the_orient,,SEA_dynamic_modifiers.txt
PHI_american_interference_dynamic_modifier,GFX_idea_ARG_american_allyship,,SEA_dynamic_modifiers.txt
PHI_island_nation_dynamic_modifier,GFX_idea_PHI_island_nation,,SEA_dynamic_modifiers.txt
PHI_defense_strategy_dynamic_modifier,GFX_idea_PHI_defense_strategy,,SEA_dynamic_modifiers.txt
PHI_philippine_army_dynamic_modifier,GFX_idea_PHI_army_of_the_philippines,,SEA_dynamic_modifiers.txt
PHI_philippine_army_air_corps_dynamic_modifier,GFX_idea_PHI_army_air_corps,,SEA_dynamic_modifiers.txt
PHI_japan_aligned_ideology,GFX_idea_JAP_japanese_influence_growing,,SEA_dynamic_modifiers.txt
PHI_asian_trade_connections_dynamic_modifier,GFX_idea_generic_conference,,SEA_dynamic_modifiers.txt
PHI_declare_military_emergency,GFX_idea_bul_zveno,,SEA_dynamic_modifiers.txt
PHI_preemptive_strikes_dynamic_modifier,GFX_idea_FRA_army_of_aggression_focus,,SEA_dynamic_modifiers.txt
PHI_philippine_resistance_movement_dynamic_modifier,GFX_idea_chi_war_of_resistance3,,SEA_dynamic_modifiers.txt
PHI_strong_guerrilla_presence,GFX_modifiers_SOV_invaders_must_die,,SEA_dynamic_modifiers.txt
PHI_investment_plan_1_building_bonus,GFX_modifiers_ETH_state_development,,SEA_dynamic_modifiers.txt
PHI_no_gtd_concrete_battleship,GFX_modifiers_SOV_invaders_must_die,,SEA_dynamic_modifiers.txt
SIK_state_autonomous_prefecture,GFX_modifiers_generic_resistance,,SEA_dynamic_modifiers.txt
PRC_the_yulin_garrison,GFX_modifiers_BEL_eben_emael_raided,,SEA_dynamic_modifiers.txt
CHI_cooperating_with_republicans_dynamic_modifier,GFX_idea_chi_chinese_unity,,SEA_dynamic_modifiers.txt
CHI_warlord_army_dynamic_modifier,GFX_idea_CHI_military_affairs_commission,,SEA_dynamic_modifiers.txt
XSM_the_military_governor_dynamic_modifier,GFX_idea_chi_whampoa_military_academy,,SEA_dynamic_modifiers.txt
SIC_sichuan_clique_dynamic_modifier,GFX_idea_chi_whampoa_military_academy,,SEA_dynamic_modifiers.txt
MAN_state_shintoism_dm,GFX_idea_state_shintoism,,SEA_dynamic_modifiers.txt
RNG_state_shintoism_dm,GFX_idea_state_shintoism,,SEA_dynamic_modifiers.txt
CHI_ma_clique_collective,GFX_idea_CHI_blue_shirt_society,,SEA_dynamic_modifiers.txt
GER_poor_iron_quality,GFX_modifiers_SOV_civilian_labor_in_defense,,aat_dynamic_modifiers.txt
ICE_the_icelandic_economy_modifier,GFX_idea_tur_balkan_central_bank_wealthy_greece,,aat_dynamic_modifiers.txt
ICE_transformation_of_nature_state_modifier,GFX_modifiers_ETH_state_development,,aat_dynamic_modifiers.txt
NOR_prep_his_dmod_1,GFX_modifiers_generic_construction,,aat_dynamic_modifiers.txt
NOR_prep_his_dmod_2,GFX_modifiers_generic_construction,,aat_dynamic_modifiers.txt
NOR_prep_his_dmod_3,GFX_modifiers_generic_construction,,aat_dynamic_modifiers.txt
NOR_prep_resistance_dmod,GFX_modifiers_generic_resistance,,aat_dynamic_modifiers.txt
NOR_defend_state_dmod,GFX_modifiers_generic_defense,,aat_dynamic_modifiers.txt
NOR_prep_fasc_dmod_1,GFX_modifiers_NOR_fascism,,aat_dynamic_modifiers.txt
NOR_prep_fasc_dmod_2,GFX_modifiers_NOR_fascism,,aat_dynamic_modifiers.txt
NOR_prep_fasc_dmod_3,GFX_modifiers_NOR_fascism,,aat_dynamic_modifiers.txt
NOR_royal_defenses,GFX_modifiers_NOR_monarchism,,aat_dynamic_modifiers.txt
NOR_independent_norway_dmod,GFX_idea_generic_morale_bonus,,aat_dynamic_modifiers.txt
NOR_army_air_force_dmod,GFX_idea_air_support_focus,,aat_dynamic_modifiers.txt
NOR_royal_air_force_dmod,GFX_idea_NOR_luftforsvaret_ns,,aat_dynamic_modifiers.txt
NOR_royal_navy_dmod,GFX_idea_NOR_royal_navy_dmod,,aat_dynamic_modifiers.txt
NOR_administrative_council_dmod,GFX_idea_generic_morale_bonus,,aat_dynamic_modifiers.txt
NOR_oppressed_civilians_dmod,GFX_idea_generic_oppression,,aat_dynamic_modifiers.txt
NOR_kingdom_of_norway_dmod,GFX_idea_generic_monarchist_uprising,,aat_dynamic_modifiers.txt
SF_PARA_dispersed_drop,GFX_idea_generic_air_bonus,,aat_dynamic_modifiers.txt
SF_PARA_combat_drop,GFX_idea_air_support_focus,,aat_dynamic_modifiers.txt
SWE_folkhemmet,GFX_idea_SWE_folkhemmet,,aat_dynamic_modifiers.txt
SWE_folkhemmet_communism,GFX_idea_SWE_folkhemmet,,aat_dynamic_modifiers.txt
SWE_hygenic_housing_output_bonus,GFX_modifiers_SWE_hygienic_housing,,aat_dynamic_modifiers.txt
SWE_blown_up_mines,GFX_modifiers_sabotaged_resource,,aat_dynamic_modifiers.txt
SWE_hygenic_housing_resource_bonus,GFX_modifiers_SWE_hygienic_housing,,aat_dynamic_modifiers.txt
SWE_sami_trackers,GFX_modifiers_SWE_sami_trackers,,aat_dynamic_modifiers.txt
SWE_bus,GFX_peace_conf_icons,,aat_dynamic_modifiers.txt
SWE_rationing_policies,GFX_idea_raj_risk_of_famine,,aat_dynamic_modifiers.txt
SWE_ball_bearing_food_exchange,GFX_idea_generic_agrarian_society,,aat_dynamic_modifiers.txt
SWE_nordic_defense_council_military_overhead,GFX_idea_chi_incompetent_officers,,aat_dynamic_modifiers.txt
SWE_neither_death_nor_dishonor,GFX_idea_SWE_neither_death_nor_dishonor,,aat_dynamic_modifiers.txt
SWE_the_cross_we_bear_idea,GFX_idea_scandinavian_defense_union,,aat_dynamic_modifiers.txt
SWE_royal_visit_modifier,GFX_modifiers_NOR_monarchism,,aat_dynamic_modifiers.txt
DEN_neglected_military_dynamic_modifier,GFX_idea_generic_neglected_military,,aat_dynamic_modifiers.txt
DEN_economic_crisis_dynamic_modifier,GFX_idea_generic_economic_crisis,,aat_dynamic_modifiers.txt
DEN_industrial_capability_dynamic_modifier,GFX_idea_SOV_second_five_year_plan,,aat_dynamic_modifiers.txt
DEN_industrial_capability_dynamic_modifier_improved,GFX_idea_SOV_third_five_year_plan,,aat_dynamic_modifiers.txt
DEN_industrial_capability_dynamic_modifier_max_improved,GFX_idea_generic_improved_industries,,aat_dynamic_modifiers.txt
DEN_industrial_capability_dynamic_modifier_light_regulation,GFX_idea_SOV_second_five_year_plan,,aat_dynamic_modifiers.txt
DEN_industrial_capability_dynamic_modifier_light_regulation_improved,GFX_idea_SOV_third_five_year_plan,,aat_dynamic_modifiers.txt
DEN_industrial_capability_dynamic_modifier_light_regulation_max_improved,GFX_idea_generic_improved_industries,,aat_dynamic_modifiers.txt
DEN_war_preparations_dynamic_modifier,GFX_idea_generic_stockpile_preparation,,aat_dynamic_modifiers.txt
DEN_political_edicts_dynamic_modifier,GFX_idea_generic_constitutional_guarantees,,aat_dynamic_modifiers.txt
DEN_occupation_laws_dynamic_modifier,GFX_idea_DEN_occupation_laws,,aat_dynamic_modifiers.txt
DEN_resistance_dynamic_modifier,GFX_idea_DEN_resistance,,aat_dynamic_modifiers.txt
DEN_resistance_dynamic_modifier_improved,GFX_idea_DEN_resistance,,aat_dynamic_modifiers.txt
DEN_haeren_dynamic_modifier,GFX_idea_DEN_haeren_1,,aat_dynamic_modifiers.txt
DEN_haeren_dynamic_modifier_improved,GFX_idea_DEN_haeren_2,,aat_dynamic_modifiers.txt
DEN_haeren_dynamic_modifier_max_improved,GFX_idea_DEN_haeren_3,,aat_dynamic_modifiers.txt
DEN_sovaernet_dynamic_modifier,GFX_idea_DEN_sovaernet_1,,aat_dynamic_modifiers.txt
DEN_sovaernet_dynamic_modifier_improved,GFX_idea_DEN_sovaernet_2,,aat_dynamic_modifiers.txt
DEN_sovaernet_dynamic_modifier_max_improved,GFX_idea_DEN_sovaernet_3,,aat_dynamic_modifiers.txt
DEN_flyvevabnet_dynamic_modifier,GFX_idea_DEN_flyvevabnet_1,,aat_dynamic_modifiers.txt
DEN_flyvevabnet_dynamic_modifier_improved,GFX_idea_DEN_flyvevabnet_2,,aat_dynamic_modifiers.txt
DEN_flyvevabnet_dynamic_modifier_max_improved,GFX_idea_DEN_flyvevabnet_3,,aat_dynamic_modifiers.txt
DEN_development_projects_state_modifier,GFX_modifiers_ETH_state_development,,aat_dynamic_modifiers.txt
DEN_development_projects_mainland_state_modifier,GFX_modifiers_ETH_state_development,,aat_dynamic_modifiers.txt
DEN_military_projects_state_modifier,GFX_modifiers_generic_military_industry,,aat_dynamic_modifiers.txt
DEN_home_guard_state_modifier,GFX_modifiers_generic_military_plans,,aat_dynamic_modifiers.txt
DEN_pan_scandinavianism_modifier,GFX_modifiers_generic_military_plans,,aat_dynamic_modifiers.txt
FIN_finnish_army,GFX_idea_FIN_finnish_army,,aat_dynamic_modifiers.txt
FIN_finnish_airforce,GFX_idea_FIN_finnish_airforce,,aat_dynamic_modifiers.txt
FIN_finnish_navy,GFX_idea_FIN_finnish_navy,,aat_dynamic_modifiers.txt
FIN_fascist_regime,GFX_idea_FIN_a_fascist_regime,,aat_dynamic_modifiers.txt
FIN_mannerheim_line_expansion_modifier,GFX_modifiers_SOV_civilian_labor_in_defense,,aat_dynamic_modifiers.txt
FIN_motti_tactics_modifier,GFX_modifiers_FIN_motti_tactics_modifier,,aat_dynamic_modifiers.txt
FIN_weapon_caches_modifier,GFX_modifiers_FIN_weapon_caches,,aat_dynamic_modifiers.txt
FIN_anti_soviet_sentiment,GFX_modifiers_generic_fascist_corporatism,,aat_dynamic_modifiers.txt
FIN_confederation_of_finno_russian_republics_dm,GFX_modifiers_FIN_confederated_finno_russian_republics,,aat_dynamic_modifiers.txt
NORDIC_efficient_resource_extraction,GFX_modifiers_generic_construction,,aat_dynamic_modifiers.txt
NORDIC_military_industry_hub_leader_dmod,GFX_modifiers_generic_military_industry,,aat_dynamic_modifiers.txt
NORDIC_military_industry_hub_member_dmod,GFX_modifiers_generic_military_industry,,aat_dynamic_modifiers.txt
NORDIC_airforces_originator_dmod,GFX_idea_generic_air_bonus,,aat_dynamic_modifiers.txt
NORDIC_airforces_member_dmod,GFX_idea_generic_air_bonus,,aat_dynamic_modifiers.txt
NORDIC_navy_originator_dmod,GFX_idea_generic_navy_bonus,,aat_dynamic_modifiers.txt
NORDIC_navy_member_dmod,GFX_idea_generic_navy_bonus,,aat_dynamic_modifiers.txt
NORDIC_mil_industry_originator_dmod,GFX_idea_generic_production_bonus,,aat_dynamic_modifiers.txt
NORDIC_mil_industry_member_dmod,GFX_idea_generic_production_bonus,,aat_dynamic_modifiers.txt
NORDIC_democratic_alliance_leader_dmod,GFX_idea_NORDIC_nordic_council,,aat_dynamic_modifiers.txt
NORDIC_democratic_alliance_member_dmod,GFX_idea_NORDIC_nordic_council,,aat_dynamic_modifiers.txt
NORDIC_communist_alliance_leader_dmod,GFX_idea_NORDIC_northern_union,,aat_dynamic_modifiers.txt
NORDIC_communist_alliance_member_dmod,GFX_idea_NORDIC_northern_union,,aat_dynamic_modifiers.txt
NORDIC_monarchist_alliance_leader_dmod,GFX_idea_NORDIC_kalmar_league,,aat_dynamic_modifiers.txt
NORDIC_monarchist_alliance_member_dmod,GFX_idea_NORDIC_kalmar_league,,aat_dynamic_modifiers.txt
ETH_army_1_dynamic_modifier,GFX_idea_ETH_army,,bba_dynamic_modifiers.txt
ETH_army_2_dynamic_modifier,GFX_idea_ETH_army_2,,bba_dynamic_modifiers.txt
ETH_army_3_dynamic_modifier,GFX_idea_ETH_army_3,,bba_dynamic_modifiers.txt
ETH_navy_1_dynamic_modifier,GFX_idea_ETH_navy,,bba_dynamic_modifiers.txt
ETH_navy_2_dynamic_modifier,GFX_idea_ETH_navy_2,,bba_dynamic_modifiers.txt
ETH_navy_3_dynamic_modifier,GFX_idea_ETH_navy_3,,bba_dynamic_modifiers.txt
ETH_airforce_1_dynamic_modifier,GFX_idea_ETH_airforce,,bba_dynamic_modifiers.txt
ETH_airforce_2_dynamic_modifier,GFX_idea_ETH_airforce,,bba_dynamic_modifiers.txt
ETH_airforce_3_dynamic_modifier,GFX_idea_ETH_airforce,,bba_dynamic_modifiers.txt
ETH_corrupt_bureaucracy_dynamic_modifier,GFX_idea_ETH_corrupt_bureaucracy,,bba_dynamic_modifiers.txt
ETH_industrialization_dynamic_modifier,GFX_idea_man_five_year_plan_industry,,bba_dynamic_modifiers.txt
ETH_international_red_cross_dynamic_modifier,GFX_idea_ETH_international_red_cross,,bba_dynamic_modifiers.txt
ETH_state_development_dynamic_modifier,GFX_modifiers_ETH_state_development,,bba_dynamic_modifiers.txt
ETH_state_decentralization_dynamic_modifier,GFX_modifiers_ETH_state_decentralization,,bba_dynamic_modifiers.txt
ETH_state_local_offensive_dynamic_modifier,GFX_modifiers_generic_military_plans,,bba_dynamic_modifiers.txt
ETH_state_local_retreat_modifier,GFX_modifiers_generic_military_plans,,bba_dynamic_modifiers.txt
ETH_state_last_stand_modifier,GFX_modifiers_generic_military_plans,,bba_dynamic_modifiers.txt
ETH_arranged_expansion_modifier,GFX_modifiers_ETH_arranged_territorial_expansion,,bba_dynamic_modifiers.txt
ETH_state_supporting_resistance_modifier,GFX_modifiers_bul_macedonian_revolutionaries,,bba_dynamic_modifiers.txt
ETH_operative_modifier,,,bba_dynamic_modifiers.txt
african_union_central_bank_modifier,GFX_idea_chi_hyper_inflation4,,bba_dynamic_modifiers.txt
african_union_executive_council_modifier,GFX_idea_generic_constitutional_guarantees,,bba_dynamic_modifiers.txt
african_union_defense_agreement_modifier,GFX_idea_chi_army_corruption3,,bba_dynamic_modifiers.txt
ITA_ricostruzione_industriale_dynamic_modifier,GFX_idea_SOV_third_five_year_plan_civilian,,bba_dynamic_modifiers.txt
ITA_military_industry_dynamic_modifier,GFX_idea_SOV_third_five_year_plan_military,,bba_dynamic_modifiers.txt
ITA_regio_esercito_dynamic_modifier,GFX_idea_ITA_regio_esercito_1,,bba_dynamic_modifiers.txt
ITA_regio_esercito_2_dynamic_modifier,GFX_idea_ITA_regio_esercito_2,,bba_dynamic_modifiers.txt
ITA_regio_esercito_3_dynamic_modifier,GFX_idea_ITA_regio_esercito_3,,bba_dynamic_modifiers.txt
ITA_regio_esercito_alt_dynamic_modifier,GFX_idea_ITA_regio_esercito_1,,bba_dynamic_modifiers.txt
ITA_regio_esercito_2_alt_dynamic_modifier,GFX_idea_ITA_regio_esercito_2,,bba_dynamic_modifiers.txt
ITA_regio_esercito_3_alt_dynamic_modifier,GFX_idea_ITA_regio_esercito_3,,bba_dynamic_modifiers.txt
ITA_regia_aeronautica_dynamic_modifier,GFX_idea_ITA_regia_aeronautica_1,,bba_dynamic_modifiers.txt
ITA_regia_aeronautica_2_dynamic_modifier,GFX_idea_ITA_regia_aeronautica_2,,bba_dynamic_modifiers.txt
ITA_regia_aeronautica_3_dynamic_modifier,GFX_idea_ITA_regia_aeronautica_3,,bba_dynamic_modifiers.txt
ITA_regia_aeronautica_alt_dynamic_modifier,GFX_idea_ITA_regia_aeronautica_1,,bba_dynamic_modifiers.txt
ITA_regia_aeronautica_2_alt_dynamic_modifier,GFX_idea_ITA_regia_aeronautica_2,,bba_dynamic_modifiers.txt
ITA_regia_aeronautica_3_alt_dynamic_modifier,GFX_idea_ITA_regia_aeronautica_3,,bba_dynamic_modifiers.txt
ITA_regia_marina_dynamic_modifier,GFX_idea_ITA_regia_marina_1,,bba_dynamic_modifiers.txt
ITA_regia_marina_2_dynamic_modifier,GFX_idea_ITA_regia_marina_2,,bba_dynamic_modifiers.txt
ITA_regia_marina_3_dynamic_modifier,GFX_idea_ITA_regia_marina_3,,bba_dynamic_modifiers.txt
ITA_regia_marina_alt_dynamic_modifier,GFX_idea_ITA_regia_marina_1,,bba_dynamic_modifiers.txt
ITA_regia_marina_2_alt_dynamic_modifier,GFX_idea_ITA_regia_marina_2,,bba_dynamic_modifiers.txt
ITA_regia_marina_3_alt_dynamic_modifier,GFX_idea_ITA_regia_marina_3,,bba_dynamic_modifiers.txt
ITA_international_aid,GFX_idea_generic_goods_red_bonus,,bba_dynamic_modifiers.txt
ITA_peace_keepers_of_europe,GFX_idea_can_wartime_prices_and_trade_board,,bba_dynamic_modifiers.txt
ITA_italian_highways_modifier,GFX_modifiers_SOV_civilian_labor_in_defense,,bba_dynamic_modifiers.txt
ITA_libyan_railway_modifier,GFX_modifiers_generic_railways,,bba_dynamic_modifiers.txt
ITA_pacified_italian_east_africa_modifier,GFX_modifiers_SOV_factory_worker_militias,,bba_dynamic_modifiers.txt
ITA_fronte_militare_clandestino_modifier,GFX_modifiers_SOV_invaders_must_die,,bba_dynamic_modifiers.txt
ITA_cooperatives_for_intensive_exploitation_dm,GFX_modifiers_generic_supply,,bba_dynamic_modifiers.txt
ITA_anti_colonialism_sentiment,GFX_modifiers_bul_macedonian_revolutionaries,,bba_dynamic_modifiers.txt
ITA_mafia_on_the_rise_no_lar,GFX_modifiers_ITA_mafia_on_the_rise,,bba_dynamic_modifiers.txt
ITA_mafia_on_the_rise,GFX_modifiers_ITA_mafia_on_the_rise,,bba_dynamic_modifiers.txt
ITA_established_mafia_no_lar,GFX_modifiers_ITA_established_mafia,,bba_dynamic_modifiers.txt
ITA_established_mafia,GFX_modifiers_ITA_established_mafia,,bba_dynamic_modifiers.txt
ITA_novus_ordo_modifier,GFX_modifiers_generic_military_industry,,bba_dynamic_modifiers.txt
ITA_expanded_corporatism_modifier,GFX_modifiers_generic_fascist_corporatism,,bba_dynamic_modifiers.txt
SWI_dormant_citizen_militia,GFX_idea_prc_low_popular_support3,,bba_dynamic_modifiers.txt
SWI_active_citizen_militia,GFX_idea_generic_manpower_bonus,,bba_dynamic_modifiers.txt
SWI_fake_active_citizen_militia_for_the_tooltip,GFX_idea_generic_manpower_bonus,,bba_dynamic_modifiers.txt
SWI_gold_trade_with_switzerland,GFX_idea_SPR_seize_the_gold_reserves,,bba_dynamic_modifiers.txt
SWI_swiss_gold_market,GFX_idea_SPR_seize_the_gold_reserves,,bba_dynamic_modifiers.txt
SWI_seized_gold,GFX_idea_SPR_seize_the_gold_reserves,,bba_dynamic_modifiers.txt
SWI_stole_our_gold_reserves,GFX_idea_usa_great_depression_3,,bba_dynamic_modifiers.txt
SWI_attack_from_the_mountains,GFX_modifiers_generic_military_plans,,bba_dynamic_modifiers.txt
SWI_frontier_defense,GFX_modifiers_SOV_invaders_must_die,,bba_dynamic_modifiers.txt
SWI_heer_und_haus_mod,GFX_modifiers_SWI_spiritual_resistance,,bba_dynamic_modifiers.txt
SWI_Ortswehren_dynamic_mod,GFX_modifiers_generic_military_plans,,bba_dynamic_modifiers.txt
SWI_citizen_supply_mandate_mod,GFX_modifiers_generic_military_plans,,bba_dynamic_modifiers.txt
SWI_alpine_redoubt_dynamic_modifier,GFX_modifiers_generic_defense,,bba_dynamic_modifiers.txt
SWI_infrastructure_rigged_to_blow,GFX_modifiers_SOV_civilian_labor_in_defense,,bba_dynamic_modifiers.txt
CHL_army_modifier,GFX_idea_CHL_ejercito_de_chile,,toa_dynamic_modifiers.txt
BRA_army_modifier,GFX_idea_BRA_army,,toa_dynamic_modifiers.txt
ARG_army_modifier,GFX_idea_ARG_army,,toa_dynamic_modifiers.txt
PAR_army_modifier,GFX_idea_PAR_army,,toa_dynamic_modifiers.txt
URG_army_modifier,GFX_idea_URG_army,,toa_dynamic_modifiers.txt
south_american_army_modifier,GFX_idea_MEX_politicised_army_2,,toa_dynamic_modifiers.txt
CHL_airforce_modifier,GFX_idea_CHL_fuerza_aerea_de_chile,,toa_dynamic_modifiers.txt
BRA_airforce_modifier,GFX_idea_BRA_air_force,,toa_dynamic_modifiers.txt
ARG_airforce_modifier,GFX_idea_ARG_air_force,,toa_dynamic_modifiers.txt
PAR_airforce_modifier,GFX_idea_PAR_airforce,,toa_dynamic_modifiers.txt
URG_airforce_modifier,GFX_idea_URG_airforce,,toa_dynamic_modifiers.txt
south_american_airforce_modifier,GFX_idea_generic_air_bonus,,toa_dynamic_modifiers.txt
CHL_navy_modifier,GFX_idea_CHL_armada_de_chile,,toa_dynamic_modifiers.txt
BRA_navy_modifier,GFX_idea_BRA_navy,,toa_dynamic_modifiers.txt
ARG_navy_modifier,GFX_idea_ARG_navy,,toa_dynamic_modifiers.txt
PAR_navy_modifier,GFX_idea_PAR_navy,,toa_dynamic_modifiers.txt
URG_navy_modifier,GFX_idea_URG_navy,,toa_dynamic_modifiers.txt
south_american_navy_modifier,GFX_idea_generic_navy_bonus,,toa_dynamic_modifiers.txt
CHL_mapuche_nationalism_dynamic_modifier,GFX_idea_CHL_mapuche_nationalism_dynamic_modifier,,toa_dynamic_modifiers.txt
CHL_chilean_economy_dynamic_modifier,GFX_idea_CHL_chilean_economy,,toa_dynamic_modifiers.txt
BRA_undiversified_economy_modifier,GFX_idea_great_depression,,toa_dynamic_modifiers.txt
BRA_weak_government,GFX_idea_FRA_scw_intervention_republicans_focus,,toa_dynamic_modifiers.txt
BRA_aftermath_of_the_coup,GFX_idea_trotskyite_plot,,toa_dynamic_modifiers.txt
BRA_estado_novo_modifier,GFX_idea_BRA_estado_novo,,toa_dynamic_modifiers.txt
BRA_estado_moderno_modifier,GFX_idea_BRA_estado_moderno,,toa_dynamic_modifiers.txt
ARG_political_corruption_modifier,GFX_idea_ARG_political_corruption_modifier,,toa_dynamic_modifiers.txt
ARG_corruption_crackdown_modifier,GFX_idea_great_depression,,toa_dynamic_modifiers.txt
ARG_anti_corruption_modifier,GFX_idea_great_depression,,toa_dynamic_modifiers.txt
ARG_international_loan_modifier,GFX_idea_NOR_printing_money,,toa_dynamic_modifiers.txt
ARG_growing_nationalism_modifier,GFX_idea_ARG_growing_nationalism_modifier,,toa_dynamic_modifiers.txt
BRA_neglected_state_dynamic_modifier,GFX_modifiers_BRA_neglected_state,,toa_dynamic_modifiers.txt
BRA_growing_state_dynamic_modifier,GFX_modifiers_ETH_state_development,,toa_dynamic_modifiers.txt
CHL_public_works_modifier,GFX_modifiers_SOV_civilian_labor_in_defense,,toa_dynamic_modifiers.txt
CHL_protecting_mapuche_lands_modifier,GFX_modifiers_demilitarize_zone,,toa_dynamic_modifiers.txt
CHL_state_supporting_resistance_modifier,GFX_modifiers_bul_macedonian_revolutionaries,,toa_dynamic_modifiers.txt
CHL_deeper_mines_modifier,GFX_modifiers_SOV_civilian_labor_in_defense,,toa_dynamic_modifiers.txt
BRA_new_capital_modifier,GFX_decision_generic_electricity,,toa_dynamic_modifiers.txt
BRA_cangaceiro_state,GFX_modifiers_BRA_cangaco_state,,toa_dynamic_modifiers.txt
ARG_federal_intervention_modifier,GFX_modifiers_generic_defense,,toa_dynamic_modifiers.txt
ARG_military_owned_state,GFX_modifiers_SOV_invaders_must_die,,toa_dynamic_modifiers.txt
BRA_amazonian_settlement_modifier,GFX_modifiers_SOV_civilian_labor_in_defense,,toa_dynamic_modifiers.txt
JUNO_immigration_promoted,GFX_modifiers_generic_immigration_promoted,,toa_dynamic_modifiers.txt
idea_PAR_river_navy,GFX_MODIFIER_NAVAL_INVASION_DIVISION_CAP,,toa_dynamic_modifiers.txt
idea_URG_ruralism_good,GFX_modifiers_ETH_state_development,,toa_dynamic_modifiers.txt
idea_URG_ruralism_good_2,GFX_modifiers_ETH_state_development,,toa_dynamic_modifiers.txt
idea_URG_ruralism_bad,BRA_neglected_state_dynamic_modifier,,toa_dynamic_modifiers.txt
idea_URG_ruralism_bad_2,BRA_neglected_state_dynamic_modifier,,toa_dynamic_modifiers.txt
FRA_maginot_line_dynamic_modifier,GFX_modifiers_generic_defense,,wuw_dynamic_modifiers.txt
dam_blown_modifier,GFX_decision_hol_inundate_water_lines,,wuw_dynamic_modifiers.txt
kiel_canal_damaged_modifier,GFX_decision_hol_inundate_water_lines,,wuw_dynamic_modifiers.txt
panama_canal_damaged_modifier,GFX_decision_hol_inundate_water_lines,,wuw_dynamic_modifiers.txt
refinery_damaged_modifier,GFX_modifiers_sabotaged_resource,,wuw_dynamic_modifiers.txt
refinery_critically_damaged_modifier,GFX_modifiers_sabotaged_resource,,wuw_dynamic_modifiers.txt
refinery_lightly_damaged_modifier,GFX_modifiers_sabotaged_resource,,wuw_dynamic_modifiers.txt
steel_mines_damaged_modifier,GFX_modifiers_sabotaged_resource,,wuw_dynamic_modifiers.txt
steel_mines_critically_damaged_modifier,GFX_modifiers_sabotaged_resource,,wuw_dynamic_modifiers.txt
steel_mines_lightly_damaged_modifier,GFX_modifiers_sabotaged_resource,,wuw_dynamic_modifiers.txt
pathfinder_infiltration_modifier,GFX_modifiers_FIN_motti_tactics_modifier,,wuw_dynamic_modifiers.txt
eben_emael_raided_critical_modifier,GFX_modifiers_BEL_eben_emael_raided,,wuw_dynamic_modifiers.txt
eben_emael_raided_success_modifier,GFX_modifiers_BEL_eben_emael_raided,,wuw_dynamic_modifiers.txt
eben_emael_raided_limited_success_modifier,GFX_modifiers_BEL_eben_emael_raided,,wuw_dynamic_modifiers.txt
AUS_austrofascism,GFX_idea_AUS_austrofascissm,,wuw_dynamic_modifiers.txt
AUS_habsburg_monarchy_restored,GFX_idea_AUS_habsburg_monarchy_restored,,wuw_dynamic_modifiers.txt
AUS_austrian_monarchy_restored,GFX_idea_AUS_habsburg_monarchy_restored,,wuw_dynamic_modifiers.txt
AUS_farr,GFX_idea_AUS_farr,,wuw_dynamic_modifiers.txt
AUS_doth,GFX_idea_AUS_doth,,wuw_dynamic_modifiers.txt
AUS_aggression,GFX_idea_AUS_aggression,,wuw_dynamic_modifiers.txt
AUS_austromarxism,GFX_idea_AUS_austromarxism,,wuw_dynamic_modifiers.txt
AUS_austrostalinism,GFX_idea_AUS_austromarxism,,wuw_dynamic_modifiers.txt
AUS_austrotrotskyism,GFX_idea_AUS_austromarxism,,wuw_dynamic_modifiers.txt
AUS_peoples_army,GFX_idea_generic_communist_army,,wuw_dynamic_modifiers.txt
AUS_empire_restored,GFX_idea_AUS_empire_restored,,wuw_dynamic_modifiers.txt
AUS_airforce,GFX_idea_AUS_airforce,,wuw_dynamic_modifiers.txt
AUS_army,GFX_idea_AUS_army,,wuw_dynamic_modifiers.txt
AUS_army_monarchy,GFX_idea_AUS_army,,wuw_dynamic_modifiers.txt
AUS_navy,GFX_idea_AUS_navy,,wuw_dynamic_modifiers.txt
AUS_compensation_for_guarantee,GFX_idea_generic_goods_red_bonus,,wuw_dynamic_modifiers.txt
AUS_garrisoned_state_modifier,GFX_modifiers_generic_defense,,wuw_dynamic_modifiers.txt
AUS_austrian_communist_cells_active_modifier,GFX_modifiers_SOV_invaders_must_die,,wuw_dynamic_modifiers.txt
HUN_academy_of_sciences,GFX_idea_jap_supremacy_of_technology,,wuw_dynamic_modifiers.txt
GER_mefo_bills_modifier,GFX_idea_ger_mefo_bills,,wuw_dynamic_modifiers.txt
GER_economy_of_conquest_modifier,GFX_idea_GER_economy_of_conquest,,wuw_dynamic_modifiers.txt
GER_recovering_economy_modifier,GFX_idea_GER_recovering_economy,,wuw_dynamic_modifiers.txt
GER_wirtschaftswunder_modifier,GFX_idea_GER_wirtschaftswunder,,wuw_dynamic_modifiers.txt
GER_army_modifier,GFX_idea_GER_army,,wuw_dynamic_modifiers.txt
GER_army_communist_modifier,GFX_idea_GER_army,,wuw_dynamic_modifiers.txt
GER_navy_fascist_modifier,GFX_idea_GER_navy,,wuw_dynamic_modifiers.txt
GER_navy_democratic_modifier,GFX_idea_GER_navy,,wuw_dynamic_modifiers.txt
GER_navy_imperial_modifier,GFX_idea_GER_navy,,wuw_dynamic_modifiers.txt
GER_navy_communist_modifier,GFX_idea_GER_navy,,wuw_dynamic_modifiers.txt
GER_airforce_modifier,GFX_idea_GER_airforce,,wuw_dynamic_modifiers.txt
GER_airforce_communist_modifier,GFX_idea_GER_airforce,,wuw_dynamic_modifiers.txt
GER_wunderwaffen_modifier,GFX_idea_GER_wunderwaffen,,wuw_dynamic_modifiers.txt
GER_wehrwirtschaft_modifier,GFX_idea_GER_autarky,,wuw_dynamic_modifiers.txt
GER_military_intelligence_service_modifier,GFX_idea_generic_secret_police,,wuw_dynamic_modifiers.txt
GER_rnd_programs_modifier,GFX_idea_generic_research_bonus,,wuw_dynamic_modifiers.txt
GER_communist_intel_modifier,GFX_idea_generic_spy_intel,,wuw_dynamic_modifiers.txt
GER_stasi_modifier,GFX_idea_generic_spy_intel,,wuw_dynamic_modifiers.txt
GER_politburo_modifier,GFX_idea_trotskyite_plot_purged,,wuw_dynamic_modifiers.txt
GER_industrial_relocation_resources,GFX_idea_ARG_economic_reactivation,,wuw_dynamic_modifiers.txt
GER_alfred_rosenberg_modifier,,,wuw_dynamic_modifiers.txt
GER_the_inner_circle_dm,GFX_idea_generic_fascism_drift_2,,wuw_dynamic_modifiers.txt
GER_motor_and_mech_attack_modifier,,,wuw_dynamic_modifiers.txt
GER_blitzkrieg_modifier,GFX_modifiers_GER_blitzkrieg,,wuw_dynamic_modifiers.txt
GER_blitzkrieg_modifier_lvl_2,GFX_modifiers_GER_blitzkrieg,,wuw_dynamic_modifiers.txt
GER_blitzkrieg_modifier_lvl_3,GFX_modifiers_GER_blitzkrieg,,wuw_dynamic_modifiers.txt
GER_bewegungskrieg_modifier,GFX_modifiers_GER_blitzkrieg,,wuw_dynamic_modifiers.txt
GER_bewegungskrieg_modifier_lvl_2,GFX_modifiers_GER_blitzkrieg,,wuw_dynamic_modifiers.txt
GER_bewegungskrieg_modifier_lvl_3,GFX_modifiers_GER_blitzkrieg,,wuw_dynamic_modifiers.txt
GER_bewegungskrieg_modifier_lvl_4,GFX_modifiers_GER_blitzkrieg,,wuw_dynamic_modifiers.txt
GER_overburdened_state_modifier,GFX_modifiers_BRA_neglected_state,,wuw_dynamic_modifiers.txt
GER_nationalized_industries_modifier,GFX_modifiers_SOV_civilian_labor_in_defense,,wuw_dynamic_modifiers.txt
GER_reichs_labor_initiative_modifier,GFX_modifiers_SOV_civilian_labor_in_defense,,wuw_dynamic_modifiers.txt
GER_public_works_modifier,GFX_modifiers_SOV_civilian_labor_in_defense,,wuw_dynamic_modifiers.txt
GER_four_year_plan_initiative_modifier,GFX_modifiers_SOV_civilian_labor_in_defense,,wuw_dynamic_modifiers.txt
GER_south_east_asian_construction_modifier,GFX_modifiers_generic_construction,,wuw_dynamic_modifiers.txt
GER_south_east_asian_resources_modifier,GFX_modifiers_SOV_civilian_labor_in_defense,,wuw_dynamic_modifiers.txt
GER_sentinels_of_the_pacific_modifier,GFX_modifiers_generic_construction,,wuw_dynamic_modifiers.txt
GER_qingdao_reintegrated_modifier,GFX_modifiers_generic_construction,,wuw_dynamic_modifiers.txt
GER_proletariat_uprising_modifier,GFX_modifiers_GER_socialist_movement,,wuw_dynamic_modifiers.txt
GER_state_supporting_resistance_modifier,GFX_modifiers_bul_macedonian_revolutionaries,,wuw_dynamic_modifiers.txt
BEL_scars_of_ww1_dynamic_modifier,GFX_idea_BEL_scars_of_ww1,,wuw_dynamic_modifiers.txt
BEL_neutrality_dynamic_modifier,GFX_idea_hol_aloof_neutrality,,wuw_dynamic_modifiers.txt
BEL_defensive_neutrality_dynamic_modifier,GFX_idea_BEL_defensive_neutrality,,wuw_dynamic_modifiers.txt
BEL_defensive_reorganization_dynamic_modifier,GFX_idea_BEL_defensive_reorganization,,wuw_dynamic_modifiers.txt
BEL_social_partners_dynamic_modifier,GFX_idea_ARG_social_welfare_fund_ns,,wuw_dynamic_modifiers.txt
BEL_engine_of_the_economy_dynamic_modifier,GFX_idea_BEL_engine_of_the_economy,,wuw_dynamic_modifiers.txt
BEL_belgian_miracle_dynamic_modifier,GFX_idea_BEL_belgian_miracle,,wuw_dynamic_modifiers.txt
BEL_mobilize_the_nation_dynamic_modifier,GFX_idea_generic_manpower_bonus,,wuw_dynamic_modifiers.txt
BEL_royal_military_academy_dynamic_modifier,GFX_idea_generic_army_war_college,,wuw_dynamic_modifiers.txt
BEL_corruption_dynamic_modifier,GFX_idea_ARG_political_corruption_modifier,,wuw_dynamic_modifiers.txt
BEL_economic_downturn_dynamic_modifier,GFX_idea_generic_economic_crisis,,wuw_dynamic_modifiers.txt
BEL_belgian_legion_dynamic_modifier,GFX_idea_NORDIC_army_monarchist,,wuw_dynamic_modifiers.txt
BEL_gold_reserves_dynamic_modifier,GFX_idea_SPR_seize_the_gold_reserves,,wuw_dynamic_modifiers.txt
BEL_rexist_legion_dynamic_modifier,GFX_idea_BEL_rexist_legion,,wuw_dynamic_modifiers.txt
BEL_european_crusade_dynamic_modifier,GFX_idea_BEL_european_crusade,,wuw_dynamic_modifiers.txt
BEL_socialism_on_the_rise_dynamic_modifier,GFX_idea_trotskyite_plot_purged,,wuw_dynamic_modifiers.txt
BEL_academies_of_belgium_dynamic_modifier,GFX_idea_generic_research_bonus,,wuw_dynamic_modifiers.txt
BEL_austrian_resistance_active_state_dynamic_modifier,GFX_modifiers_SOV_factory_worker_militias,,wuw_dynamic_modifiers.txt
BEL_belgian_resistance_state_dynamic_modifier,GFX_modifiers_SOV_factory_worker_militias,,wuw_dynamic_modifiers.txt
BEL_flooded_tank_barriers_dynamic_modifier,GFX_modifiers_SOV_civilian_labor_in_defense,,wuw_dynamic_modifiers.txt
COG_force_publique,GFX_idea_COG_force_publique,,wuw_dynamic_modifiers.txt
COG_armee_nationale_congolaise_modifier,GFX_idea_COG_force_publique,,wuw_dynamic_modifiers.txt
COG_belgian_congo_colonial_dynamic_modifier,GFX_idea_COG_belgian_congo_colonial_dynamic_modifier,,wuw_dynamic_modifiers.txt
BEL_belgian_congo_colonial_returns_dynamic_modifier,GFX_idea_BEL_belgian_congo_colonial_returns_dynamic_modifier,,wuw_dynamic_modifiers.txt
COG_rwandan_separatism_modifier,GFX_modifiers_COG_rwandan_separatism,,wuw_dynamic_modifiers.txt
COG_burundian_separatism_modifier,GFX_modifiers_COG_burundian_separatism,,wuw_dynamic_modifiers.txt
COG_kasai_separatism_modifier,GFX_modifiers_COG_kasai_separatism,,wuw_dynamic_modifiers.txt
COG_katanga_separatism_modifier,GFX_modifiers_COG_katanga_separatism,,wuw_dynamic_modifiers.txt
COG_state_loyal_to_belgium_modifier,GFX_modifiers_COG_state_loyal_to_belgium,,wuw_dynamic_modifiers.txt
COG_state_loyal_to_free_congo_modifier,GFX_modifiers_COG_state_loyal_to_free_congo,,wuw_dynamic_modifiers.txt
idea_COG_river_navy,GFX_MODIFIER_NAVAL_INVASION_DIVISION_CAP,,wuw_dynamic_modifiers.txt
COG_urban_area_investments_modifier,GFX_modifiers_SOV_civilian_labor_in_defense,,wuw_dynamic_modifiers.txt
COG_the_echo_of_katanga_modifier,GFX_modifiers_ETH_state_development,,wuw_dynamic_modifiers.txt
COG_state_supporting_resistance_modifier,GFX_modifiers_bul_macedonian_revolutionaries,,wuw_dynamic_modifiers.txt
GER_lokot_autonomy_modifier,GFX_modifiers_GER_lokot_autonomy,,wuw_dynamic_modifiers.txt
fallout_atomic,GFX_modifiers_radiation,,wuw_dynamic_modifiers.txt
fallout_thermonuclear,GFX_modifiers_radiation,,wuw_dynamic_modifiers.txt
sp_land_stronghold_network_collapse_workers_drafted,GFX_modifiers_SOV_civilian_labor_in_defense,,wuw_dynamic_modifiers.txt
