focus_a_id,focus_b_id
AFG_look_to_other_partners,AFG_renew_soviet_trade_agreement
AFG_adopt_nufus,AFG_maintain_quami
AFG_purchase_destroyers,AFG_research_bonus_1
AFG_against_kabul,AFG_support_king_zahir
AFG_contact_amanullah_loyalists,AFG_remember_the_khost_rebellion
AFG_crown_the_bukharan_emir,AFG_crown_the_golden_emir
AFG_crown_the_golden_emir,AFG_invite_the_mughal_prince
AFG_extend_a_hand_to_tokyo,AFG_unify_the_islamic_world
AFG_exploit_turko_persian_heritage,AFG_topple_iran
AFG_biding_our_time,AFG_expand_the_kings_powerbase
AFG_afghan_pakistan_cold_War,AFG_propose_confederation_with_pakistan
ARG_a_call_to_reform,ARG_roberto_maria_ortiz
ARG_defense_and_democracy,ARG_work_with_the_nationalists
ARG_consolidating_power,ARG_maintain_the_status_quo
ARG_join_the_allies,ARG_maintain_neutrality
ARG_guardia_nacional,ARG_union_nacional_fascista
ARG_argentina_first,ARG_join_the_axis
ARG_conquer_paraguay,ARG_paraguayan_ultimatum
ARG_conquer_uruguay,ARG_revive_the_colonial_plan
ARG_chilean_ultimatum,ARG_reach_out_to_chile
ARG_a_call_to_reform,ARG_the_clean_election
ARG_internal_focus,ARG_seek_american_support
ARG_british_gaurantee,ARG_seek_american_support
ARG_royal_airforce_influence,ARG_royal_navy_influence
ARG_american_defense_investments,ARG_us_army_training
ARG_bastion_of_democracy,ARG_join_the_allies
ARG_align_with_the_soviets,ARG_forge_our_own_future
ARG_liberation_theology,ARG_state_atheism
ARG_conquer_south_america,ARG_unify_south_america
ARG_a_new_trading_partner,ARG_revisit_the_roca_runciman_treaty
AST_fly_the_jolly_roger,AST_protect_overseas_commerce
AST_never_another_gallipoli,AST_support_the_policy_of_appeasement
AST_abandon_the_westminster_system,AST_protect_the_homeland
AST_empower_the_workers,AST_support_the_centre_party
AST_a_deal_with_japan,AST_our_own_empire
AST_direct_support,AST_indirect_support
AST_join_comintern,AST_workers_paradise
AUS_repeal_the_may_constitution,AUS_totalitarian_safety
AUS_austromarxism_focus,AUS_hold_elections
AUS_celebrate_spanish_victory,AUS_invite_spanish_exiles
AUS_raid_military_storages,AUS_seek_soviet_support
AUS_danubian_socialist_communes,AUS_join_comintern
AUS_meticulous_preparations,AUS_rapid_revolutions
AUS_seize_galicia,AUS_the_correct_communism
AUS_seek_support_from_guarantors,AUS_the_danubian_federation
AUS_outlaw_the_radicals,AUS_stabilize_the_political_climate
AUS_alpine_federation_focus,AUS_join_the_allies
AUS_austrian_aggression,AUS_defence_of_the_homeland
AUS_protector_of_the_danube,AUS_via_danube_to_europe
AUS_austromarxism_focus,AUS_reinstate_the_imperial_council
AUS_legacy_of_the_empire,AUS_the_danubian_federation
AUS_legitimistische_studentenverbindung,AUS_strengthen_legitimistische_corps
AUS_bring_hungary_back_into_the_fold,AUS_demand_hungarian_submission
AUS_join_the_axis,AUS_reforming_the_central_powers
AUS_a_royal_alliance,AUS_join_the_axis
AUS_renew_claims_in_italy,AUS_strike_deal_with_italy
AUS_integrate_hungary,AUS_integrate_northwest
AUS_disregard_the_treaties,AUS_seek_agreement_for_rearmament
AUS_demand_part_of_spanish_winnings,AUS_invite_spanish_refugees
AUS_restoring_our_rightful_flag,AUS_seek_to_purchase_alaska
AUS_invest_in_alpen_elektrowerke,AUS_invest_in_kapsch
AUS_focus_on_domestic_production,AUS_purchase_foreign_designs
AUS_light_specialization,AUS_medium_specialization
AUS_heavy_specialization,AUS_light_specialization
AUS_establish_bohme_plan,AUS_follow_the_jansa_plan
AUS_graf_und_stift_focus,AUS_saurerwerke
AUS_defending_the_coast,AUS_rebuild_the_armada
ah_bomber_focus,ah_fighter_focus
ah_flexible_navy,ah_large_navy
ah_collectivist_ethos,ah_liberty_ethos
ah_internationalism_focus,ah_nationalism_focus
ah_interventionism_focus,ah_neutrality_focus
BALTIC_axis_investments,BALTIC_renew_allied_trade
BALTIC_invest_in_baltic_trade,BALTIC_trade_with_neighbors
BALTIC_restore_workers_republic,LIT_secure_a_loyal_cabinet
BALTIC_communist_opposition,BALTIC_seek_support_of_soviets
BALTIC_belarus_ssr,BALTIC_influence_neighbours
BALTIC_focus_on_the_interior,BALTIC_influence_neighbours
BEL_government_of_national_unity,BEL_vandervelde_minority
BEL_degrelle,BEL_paul_emile_janson
BEL_benelux_union,BEL_tripartite_government
BEL_support_the_rexists,BEL_support_the_vnv
BEL_constitutional_crisis,BEL_support_the_rexists
BEL_constitutional_crisis,BEL_support_the_vnv
BEL_join_axis,BEL_strength_and_brotherhood
BEL_soviet_guarantee,BEL_support_the_european_project
BEL_prisoner_king,BEL_unfit_to_reign
BEL_democratic_homecoming,BEL_leopolds_return
BEL_charles_count_of_flanders,BEL_leopolds_return
BRA_end_the_state_of_emergency,BRA_tribunal_de_seguranca_nacional
BRA_estado_moderno,BRA_estado_novo
BRA_autarky,BRA_corporatism
BRA_in_vargas_we_trust,BRA_integrity_of_the_fatherland
BRA_expand_fordlandia,BRA_fabrica_nacional_de_motores
BRA_cooperation_in_the_americas,BRA_domination_of_the_americas
BRA_south_american_research_cooperation,BRA_us_brazil_technology_exchange
BRA_repeal_the_national_security_law,BRA_romanticize_the_old_empire
BRA_continue_centralization,BRA_greater_federalism
BRA_prepare_for_second_intentona,BRA_tribunal_de_seguranca_nacional
BRA_free_prestes,BRA_revive_the_anl
BRA_align_with_moscow,BRA_oust_prestes
BRA_align_with_moscow,BRA_cangaco_coup
BRA_allow_the_church_to_operate,BRA_state_atheism
BRA_license_soviet_designs,BRA_purchase_soviet_equipment
BRA_create_faction,BRA_join_the_comintern
BRA_petropolis_line,BRA_vassouras_line
BRA_demand_portugese_submission,BRA_demand_portugese_territory
BRA_support_rural_folk,BRA_support_the_landowners
BRA_consolidation_of_labor_laws,BRA_support_industrialists
BUL_attract_foreign_capitals,BUL_invigorate_national_industry
BUL_nationalization,BUL_utmost_optimization
BUL_all_that_glitters,BUL_light_metal_exploitation
BUL_darzhavna_aeroplanna_rabotilnitsa,BUL_foreign_aircraft_designers
BUL_defensive_lines,BUL_reinforce_naval_bases
BUL_a_powerful_bulgarian_navy,BUL_strike_from_the_seas
BUL_oppose_the_royal_dictatorship,BUL_power_to_the_tsar
BUL_appoint_communist_ministers,BUL_democratic_principles
BUL_balkan_federation_of_socialist_republics,BUL_follow_the_stalinist_doctrine
BUL_free_balkan_states,BUL_the_unification_of_the_balkans
BUL_legalize_the_agrarian_party,BUL_seek_cooperation_with_the_tsar
BUL_agrarian_cooperative_movement,BUL_modernize_the_industry
BUL_a_balkan_confederation,BUL_join_the_allies
BUL_condemn_macedonian_organizations,BUL_support_macedonian_organizations
BUL_cooperate_with_the_zveno,BUL_dissolve_the_military_union
BUL_appoint_right_wing_ministers,BUL_the_tsars_regime
BUL_ban_far_right_organizations,BUL_restrained_paramilitary_organizations
BUL_depose_the_tsar,BUL_found_the_brannik
BUL_plot_against_boris,BUL_strengthen_the_royal_dictatorship
BUL_form_a_regency_council,BUL_the_return_of_ferdinand_i
BUL_join_the_tripartite_pact,BUL_the_fate_of_the_balkans
BUL_peaceful_development,BUL_total_war
CAN_compromise_with_quebec,CAN_forced_quebec_conscription
CAN_patriation,CAN_strengthen_the_commonwealth_ties
CAN_burn_the_royal_portraits,CAN_permanent_joint_defense_board
CAN_permanent_joint_defense_board,CAN_swastika_clubs
CAN_burn_the_royal_portraits,CAN_swastika_clubs
CAN_join_germany,CAN_support_a_synarchist_baja
CAN_demand_labrador_and_newfoundland,CAN_offer_concessions_for_labrador_and_newfoundland
CAN_mend_relations_with_the_trotskyites,CAN_supply_the_red_army
CAN_defence_scheme_no_2,CAN_supply_the_red_army
CAN_heavy_cruiser_effort,CAN_light_cruiser_effort
CAN_escort_fleet,CAN_fleet_in_being
CHL_endorse_the_constitution,CHL_look_to_tradition
CHL_denounce_the_anarchy,CHL_look_to_tradition
CHL_address_the_mapuche_conflict,CHL_rule_by_decree
CHL_an_absolute_monarchy,CHL_ibanez_as_prime_minister
CHL_embrace_indigenous_corporatism,CHL_expand_the_agricultural_field
CHL_a_french_alliance,CHL_return_to_the_continent
CHL_je_suis_le_deluge,CHL_the_straight_line
CHL_unified_by_will,CHL_unified_in_spirit
CHL_establish_corfo,CHL_work_towards_laissex_faire
CHL_low_cost_housing,CHL_privatize_national_industries
CHL_increase_presidential_powers,CHL_reapproach_america
CHL_increase_presidential_powers,CHL_return_to_the_parliamentary_era
CHL_development_inwards,CHL_kickstart_the_arsenal_of_democracy
CHL_enforce_stricter_secularism,CHL_repeal_the_separation_of_church_an_state
CHL_abide_by_the_francoist_model,CHL_cooperate_with_operation_bolivar
CHL_departamento_de_la_juventad_nacista,CHL_departemento_de_las_tropas_nacistas_de_asalto
CHL_the_hispanic_alliance,CHL_the_path_to_conquest
CHL_restore_the_old_kingdom,CHL_unite_hispanic_america
CHL_align_with_the_russian_soviet,CHL_support_for_the_international_revolution
CHL_an_attempt_to_maintain_our_neutrality,CHL_support_the_democracies
CHL_enact_stricter_labor_laws,CHL_found_national_steelworks
CHL_a_joint_application_to_the_allies,CHL_dispute_over_tierra_del_fuego
CHL_dissolve_covensa,CHL_public_works
PRC_agrarian_socialism,PRC_marxist_orthodoxy
PRC_agrarian_socialism,PRC_social_democracy_focus
PRC_mobile_warfare,PRC_protracted_warfare
PRC_ban_the_opium_trade,PRC_permit_opium_trade
PRC_burn_the_paper_tigers,PRC_the_unwilling_diarchy_focus
PRC_leadership_of_mao,PRC_reclaim_the_grasp_of_power
PRC_deepen_the_dixie_mission,PRC_tech_agreement_with_ussr
PRC_a_truly_united_front,PRC_part_of_the_comintern
PRC_soviet_battle_tactics,PRC_the_battle_behind_the_front_lines
PRC_mao_zedong_ascends,PRC_zhang_guotao_ascends
PRC_closer_ties_to_sov,PRC_reach_out_to_the_west
PRC_emergency_prodction_protocols,PRC_emergency_supply_protocols
PRC_allow_autonomous_regions,PRC_towards_one_china
PRC_peaceful_reunification,PRC_towards_one_china
PRC_reform_the_republic,PRC_the_party_builds_the_nation
PRC_avenge_the_century_of_humiliation,PRC_the_chinese_century
PRC_asian_democratic_union,PRC_avenge_the_century_of_humiliation
PRC_expedite_land_revolution,PRC_halt_land_revolution
PRC_CSCEC_civs,PRC_CSCEC_mils
PRC_promote_paper_bills,PRC_promote_the_silver_dollar
PRC_allow_special_goods_trade,PRC_ban_special_goods_trade
PRC_establish_shorter_market_plans,PRC_initialize_five_year_plan
PRC_rural_region_development,PRC_urbanization
PRC_asymmetric_warfare,PRC_conventional_warfare
PRC_asymmetric_warfare,PRC_indirect_fire
PRC_best_of_the_best,PRC_one_with_the_people
PRC_light_plane_focus,PRC_medium_plane_focus
PRC_large_plane_focus,PRC_light_plane_focus
PRC_sea_inward_focus,PRC_sea_toe_the_soviet_line
PRC_sea_mobile_warfare,PRC_sea_protracted_warfare
PRC_sea_ban_the_opium_trade,PRC_sea_permit_opium_trade
CHI_foreign_threats,CHI_prioritize_the_interior
CHI_dang_guo,CHI_end_military_primacy
CHI_a_matter_of_will,CHI_sino_american_joint_commission_on_rural_reconstruction
CHI_apply_yandas_work,CHI_glorify_deng_yanda
CHI_a_burgeoning_welfare_state,CHI_socialize_major_industries
CHI_enact_georgist_tax_reforms,CHI_toward_a_socialist_economy
CHI_denounce_feudalism,CHI_prepare_for_a_change_in_leadership
CHI_a_functioning_bureaucracy_first,CHI_politicise_the_process
CHI_expand_the_tongzi_jun,CHI_introduce_the_baojia_system
CHI_legitimise_du,CHI_reshuffle_the_green_gang
CHI_draw_support_from_the_big_families,CHI_prosecute_cronyism
CHI_crack_down_on_illicit_goods,CHI_turn_a_blind_eye
CHI_allocate_lend_lease,CHI_sell_lend_lease
CHI_international_instructors,CHI_international_squadron
CHI_towards_a_popular_army,CHI_towards_a_professional_army
CHI_joining_the_international_community,CHI_subjugate_korea
CHI_end_military_primacy,CHI_strengthening_our_resolve
CHI_a_popular_movement,CHI_integrate_the_hongmen
CHI_ban_immoral_entertainment,CHI_integrate_the_hongmen
CHI_political_advisors_in_every_division,CHI_weaponise_the_faithful
CHI_formalize_field_promotions,CHI_set_up_an_nco_school
CHI_invest_in_mountain_guns,CHI_repurpose_fort_artillery
CHI_controlling_our_skies,CHI_projecting_power
CHI_a_wind_that_rises_in_the_daytime_lasts_long,CHI_but_a_night_breeze_soon_falls
CHI_SINAW_primacy,CHI_camco_primacy
CHI_deny_the_enemy,CHI_dominate_the_enemy
CHI_coastal_defence,CHI_long_range
CHI_battleship_focus,CHI_heavy_cruiser_focus
CHI_expand_the_bureaucracy,CHI_send_the_urban_students_to_the_countryside
CHI_find_foreign_financiers,CHI_fund_the_plan_domestically
CHI_maintain_adequate_currency_reserves,CHI_print_money_for_the_army
CHI_found_a_modern_fertiliser_plant,CHI_import_fertilisers
CHI_tsr_form_a_preparatory_committee,CHI_tsr_repoen_the_natioal_assembly
CHI_tsr_a_new_chinese_identity,CHI_tsr_embrace_japanese_cultural_institutions
CHI_closer_ties_with_germany,CHI_rapprochement_with_soviet_union
CHI_british_cooperation,CHI_reach_out_to_france
CHI_conquer_tibet,CHI_integrate_tibet
CHI_indian_cooperation,CHI_renounce_the_mcmahon_line
CHI_anti_imperialism,CHI_imperial_legacy
CHI_collaboration_with_the_japanese,CHI_mission_to_the_us
CHI_sea_closer_ties_with_germany,CHI_sea_rapprochement_with_soviet_union
CHI_sea_british_cooperation,CHI_sea_reach_out_to_france
CHI_sea_conquer_tibet,CHI_sea_integrate_tibet
CHI_sea_indian_cooperation,CHI_sea_renounce_the_mcmahon_line
CHI_sea_anti_imperialism,CHI_sea_imperial_legacy
CHI_sea_collaboration_with_the_japanese,CHI_sea_mission_to_the_us
CHI_cooperation_with_the_communists,CHI_cooperation_with_the_nationalists
CHI_embrace_the_opium_trade,CHI_root_out_corruption
CHI_cooperation_with_the_communists,CHI_opposition
CHI_defensive_posture,CHI_provoke_border_clashes
CHI_uplift_the_cavalry_regiments,CHI_uplift_the_mountain_brigades
CHI_sea_cooperation_with_the_communists,CHI_sea_cooperation_with_the_nationalists
CHI_sea_embrace_the_illicit_trade,CHI_sea_root_out_corruption
CHI_sea_battle_for_china,CHI_sea_join_the_republican_government
CHI_sea_cooperation_with_the_communists,CHI_sea_opposition
CHI_sea_defensive_posture,CHI_sea_provoke_border_clashes
CHI_sea_modern_warfare,CHI_sea_rely_on_our_infantry
CHI_sea_uplift_the_cavalry_regiments,CHI_sea_uplift_the_mountain_brigades
SIK_a_united_sinkiang_clique,SIK_pursue_further_soviet_integration
SIK_a_united_sinkiang_clique,SIK_soviet_intervention
SIK_reestablish_the_guominjun,SIK_rejoin_the_central_government
SIK_reaffirm_soviet_connections,SIK_rejoin_the_central_government
KHM_call_for_aid,KHM_strike_the_governor
KHM_our_position_remains,KHM_the_sinkiang_ma_clique
KHM_kumul_rebellion_avenged,KHM_our_position_remains
XSM_send_ma_lin_on_hajj,XSM_the_civilian_governor_remains
KHM_undermine_kmt_rule,XSM_sideline_family_conflicts
XSM_demand_submission,XSM_strike_at_the_detractors
XIC_discussions_in_luochuan,XIC_sixth_encirclement_campaign
COG_brown_water_navy,COG_south_atlantic_navy
COG_aeronautical_research_department,COG_procure_foriegn_equipment
COG_adopt_lingala_and_swahili_as_martial_languages,COG_french_as_martial_language
COG_allow_local_autonomy,COG_attempt_to_centralize_the_state
COG_found_the_congolese_national_movement,COG_national_committee_for_liberation
COG_approach_the_disfavored_mwami,COG_the_simba_movement
COG_secure_german_aid,COG_secure_soviet_aid
COG_make_use_of_the_british_proposal,COG_prepare_for_offensive_action
COG_kasa_vubus_first_cabinet,COG_the_lion_roars
COG_cooperate_with_the_congolese_churches,COG_strict_anti_clericalism
COG_invite_kwame_to_the_capital,COG_liberation_by_force
COG_assemble_a_regency_council,COG_kasa_vubus_first_cabinet
COG_bundu_dia_kongo,COG_devout_catholic_kingdom
COG_appoint_a_royal_council,COG_the_kings_divine_power
COG_attempt_to_ally_the_portuguese,COG_friendship_with_france
COG_great_cattle_chiefs,COG_great_military_chiefs
COG_a_german_protectorate,COG_invite_german_kasierist_exiles
CONGO_congo_free_state,CONGO_dominion_of_congo
CONGO_dominion_of_congo,CONGO_overseas_department_of_belgium
CONGO_dominion_of_congo,CONGO_republic_of_congo
CZE_balanced_1,CZE_favor_czechs_1
CZE_democratic_bastion,CZE_go_left
CZE_democratic_bastion,CZE_go_right
CZE_exclude_the_slovaks,CZE_national_fascism
CZE_german_ally,CZE_german_minor_ally
CZE_german_ally,CZE_german_puppet
CZE_german_leanings,CZE_trust_in_the_west
CZE_nukes,CZE_secret_weapons
CZE_an_entente_of_our_own,CZE_trust_in_the_west
CZE_deal_with_hungary,CZE_rapprochement_with_hungary
CZE_heavy_fighter_focus,CZE_light_fighter_focus
CZE_cas_focus,CZE_tac_focus
CZE_capital_focus,CZE_raiding_focus
DEN_fortify_our_borders,DEN_kanslergadeforliget
DEN_align_with_overlord,DEN_seek_independence
DEN_pledge_allegiance,DEN_sanction_sabotages
DEN_political_unity,DEN_unify_the_right
DEN_policy_of_disarmament,DEN_start_the_rearmament
DEN_full_employment,DEN_limited_social_mobilization
DEN_heavy_market_regulations,DEN_limited_market_regulations
DEN_heavy_market_regulations,DEN_no_market_regulations
DEN_side_with_industry,DEN_side_with_unions
DEN_five_year_plan,DEN_limited_social_mobilization
DEN_full_employment,DEN_full_social_mobilization
DEN_scandinavian_security,DEN_strength_in_numbers
DEN_king_assumes_power,DEN_march_on_the_capital
DEN_ask_for_support,DEN_seize_power
DEN_prioritize_army,DEN_prioritize_navy
DEN_avenging_1864,DEN_dominium_maris_baltici
DEN_dominium_maris_baltici,DEN_establish_the_danelaw
DEN_modernize_the_navy,DEN_refit_civilian_ships
DEN_baltic_sea_domination,DEN_north_sea_ambitions
DEN_domestic_designs,DEN_foreign_designs
DEN_jagerfly,DEN_luftstotte
DEN_bombefly,DEN_jagerfly
BALTIC_restore_workers_republic,EST_era_of_silence
EST_break_the_silence,EST_squash_the_opposition
EST_beyond_the_baltic,EST_formalize_baltic_entente
EST_cave_to_enemy_pressure,EST_fortify_the_border
BALTIC_restore_workers_republic,EST_rally_the_nation
EST_anti_communist_militia,EST_reach_out_to_germany
EST_finno_estonian_supremacy_league,EST_unite_our_nations
EST_fortify_tallinn,EST_fortify_the_border
EST_baltic_stronger_together,EST_baltic_unification
ETH_expand_the_mehal_sefari,ETH_keep_the_chitet
ETH_new_weapons_and_tactics,ETH_old_reliable
ETH_bring_in_foreign_advisors,ETH_ethiopian_officers
ETH_expand_the_officer_corps,ETH_promote_the_war_heroes
ETH_expand_the_officer_corps,ETH_the_common_soldier
ETH_promote_the_war_heroes,ETH_the_common_soldier
ETH_encourage_local_development,ETH_state_owned_industry
ETH_expand_tax_exemptions,ETH_taxing_the_nobility
ETH_adapt_and_improve,ETH_increased_factory_output
ETH_bomb_proofing,ETH_rapid_industrial_expansion
ETH_ethiopian_industrial_research_institute,ETH_invite_foreign_prospectors
ETH_falling_back,ETH_renewed_offensive
ETH_northern_thrust,ETH_victory_in_the_desert
ETH_the_defense_of_addis_ababa,ETH_the_hindenburg_wall
ETH_military_communism,ETH_rally_around_the_emperor
ETH_boarding_the_train,ETH_the_emperor_stays
ETH_learning_from_the_enemy,ETH_the_heroes_of_ethiopia
ETH_protector_of_the_somalis,ETH_the_heir_of_solomon
ETH_empower_the_ras,ETH_re-convene_the_parliament
ETH_pan-africanism,ETH_the_african_union
ETH_the_african_union,ETH_the_one_true_heir_of_solomon
ETH_jah,ETH_the_african_union
ETH_an_arabic_base,ETH_an_empire_in_the_shade_of_the_sun
ETH_befriend_goring,ETH_steel_lions
ETH_german_mediation,ETH_sabotage_italo-german_relations
ETH_anti-tank_guns,ETH_joint_swedish-ethiopian_intelligence_program
ETH_callout_to_the_world,ETH_soviet_aid
ETH_international_brigades_communist,ETH_peoples_army
ETH_clearing_the_skies,ETH_counter_the_armored_threat
ETH_a_guiding_hand,ETH_local_committees
ETH_refuge_for_the_spanish_exiles,ETH_the_rif
ETH_mytishchi-ababa_plant,ETH_send_home_advisors
ETH_seek_new_trading_partners,ETH_soviet-ethiopian_trade_agreement
ETH_rally_around_the_emperor,ETH_reach_out_to_the_italians
ETH_amedeos_feast_of_maskal,ETH_assertiveness
FIN_finnish_neutrality,FIN_suomalainen_sosialismi
FIN_social_democracy,FIN_towards_a_red_government
FIN_antagonize_the_soviets,FIN_approach_the_soviets
FIN_join_the_comintern,FIN_united_under_the_north_star
FIN_approach_major_democracies,FIN_join_the_comintern
FIN_finnish_neutrality,FIN_right_wing_policies
FIN_a_new_course_for_kokoomus,FIN_dreams_of_expansionism
FIN_dreams_of_expansionism,FIN_strengthen_military_administration
FIN_join_the_allies,FIN_northern_defense_front
FIN_northern_defense_front,FIN_the_lone_wolf
FIN_modernize_the_army,FIN_modernize_the_industry
FIN_a_cry_for_help,FIN_seek_german_protection
FIN_discredit_the_democratic_system,FIN_prepare_a_military_coup
FIN_finnish_supremacy_in_the_north,FIN_join_axis
FIN_national_armor_focus,FIN_sissi
FIN_dominate_the_skies,FIN_support_for_ground_forces
FIN_expand_production_lines,FIN_modernize_production_lines
FIN_deep_sea_raiders,FIN_rapid_raiders
FRA_aggressive_focus,FRA_defensive_focus
FRA_firepower_kills,FRA_methodical_battle
FRA_air_dominance,FRA_battle_of_maneuver
FRA_form_the_popular_front,FRA_revive_the_national_bloc
FRA_reconciliation,FRA_revolution_to_the_utmost
FRA_anti_fascist_coalition,FRA_loyalty_to_moscow
FRA_loyalty_to_moscow,FRA_loyalty_to_the_cause
FRA_encourage_immigration,FRA_france_undividable
FRA_buy_time,FRA_confirm_eastern_commitments
FRA_france_leads,FRA_go_with_britain
FRA_humanite_unie,FRA_join_comintern
FRA_agricultural_protectionism,FRA_laissez_faire
FRA_national_regeneration,FRA_the_council_of_rambouillet
FRA_family,FRA_work
FRA_family,FRA_fatherland
FRA_latin_entente,FRA_towards_a_new_europe
FRA_align_belgium,FRA_split_belgium
FRA_france_first,FRA_join_germany
FRA_join_germany,FRA_woo_italy
FRA_orleanist_restoration,FRA_the_legitimate_heir
FRA_two_countries_two_crowns,FRA_unite_the_crowns
FRA_orleanist_restoration,FRA_proclaim_the_third_empire
FRA_the_old_school,FRA_the_young_school
FRA_capital_ship_focus,FRA_carrier_focus
FRA_bomber_focus,FRA_fighter_focus
bomber_focus,fighter_focus
flexible_navy,large_navy
collectivist_ethos,liberty_ethos
internationalism_focus,nationalism_focus
interventionism_focus,neutrality_focus
GER_prioritize_economic_growth,GER_the_four_year_plan
GER_adopt_new_panzer_doctrine,GER_the_prussian_legacy
GER_defend_the_vaterland,GER_improve_the_logistics_system
GER_dive_bombers,GER_tactical_bombers
GER_dive_bombers,GER_uralbomber_program
GER_panzerschiff_raiders,GER_u_boat_efforts
GER_oppose_hitler_ww,GER_remilitarize_the_rhineland
GER_heed_von_neuraths_concerns,GER_reorganize_the_wehrmacht
GER_befriend_czechoslovakia,GER_demand_sudetenland
GER_army_indoctrination,GER_autonomy_in_the_kriegsschulen
GER_expand_claims_in_baltic,GER_influence_the_baltics
GER_form_rome_berlin_axis,GER_invade_italy
GER_alliance_with_spain,GER_operation_felix
GER_alliance_with_portugal,GER_operation_isabella
GER_danzig_for_slovakia,GER_danzig_or_war
GER_around_maginot,GER_influence_the_benelux
GER_operation_weserubung,GER_utilize_the_nordliche_gesellschaft
GER_operation_tannenbaum,GER_the_swiss_gold
GER_second_ljubljana_award,GER_war_with_greece
GER_anti_soviet_pact,GER_molotov_ribbentrop_pact
GER_alliance_with_the_ussr,GER_war_with_the_ussr
GER_befriend_china,GER_befriend_japan
GER_autonomous_organization_todt,GER_plenipotentiary_of_armaments
GER_autonomous_organization_todt,GER_plenipotentiary_of_the_four_year_plan
GER_expand_gestapo,GER_expand_ss_security_duties
GER_party_chancellor_bormann,GER_party_chancellor_hess
GER_a_strong_successor,GER_loyalty_to_the_fuhrer
GER_monarchist_sentiment,GER_start_the_proletarian_revolution
GER_legacy_of_the_spartacus_league,GER_proletarian_dictatorship
GER_revive_the_kaiserreich_ww,GER_the_monarchy_compromise_ww
GER_embrace_liberal_leanings,GER_strive_for_conservative_values
GER_military_dictatorship,GER_return_of_the_kaiser_ww
GER_brothers_in_arms,GER_the_austrian_question
GER_align_czechoslovakia,GER_carve_up_czechoslovakia
GER_conquer_italy,GER_prepare_italian_coup_ww
GER_align_italy,GER_conquer_italy
GER_bring_turkey_into_the_fold,GER_german_hegemony_in_the_middle_east
GER_restore_the_brest_litovsk_borders,GER_see_to_the_eastern_front_ww
GER_safeguard_the_baltic_ww,GER_tributes_for_guarantees
GER_danzig_for_guarantees_ww,GER_safeguard_poland
GER_carte_blanche_for_alsace_and_french_colonies_ww,GER_reject_the_locarno_treaty
GER_backdoor_negotiations,GER_schlieffen_once_more_ww
GER_backdoor_negotiations,GER_bypass_maginot_in_the_south_ww
GER_accept_british_naval_dominance_ww,GER_the_second_naval_race
GER_divide_and_conquer,GER_expand_pacific_holdings
GER_divide_and_conquer,GER_our_place_in_the_sun_ww
GER_oppose_hitler,GER_remilitarize_the_rhineland
GER_reestablish_free_elections,GER_revive_the_kaiserreich
GER_expatriate_the_communists,GER_focus_on_the_true_enemy
GER_accept_british_naval_dominance,GER_rebuild_the_high_seas_fleet
GRE_bring_home_the_exiled_republicans,GRE_the_kings_government
GRE_compromise_with_the_monarchists,GRE_request_communist_support
GRE_horror_and_fear,GRE_the_gordian_knot
GRE_prepare_for_the_great_anti_fascist_war,GRE_tow_the_stalinist_line
GRE_metaxism_focus,GRE_the_right_to_rule
GRE_recruit_the_fascists,GRE_use_the_military
GRE_our_traditional_allies_in_the_aegean,GRE_realign_ourselves_with_the_central_powers
GRE_greece_and_turkey_in_the_axis,GRE_last_country_standing
GRE_force_the_farmers_into_factories,GRE_utilize_our_strengths
GRE_expand_our_tobacco_industry,GRE_increase_our_mining_operations
GRE_encourage_tourism,GRE_mobilise_our_economy
GRE_making_use_of_our_islands,GRE_rejuvenating_athens
GRE_clear_the_slums,GRE_rejuvenating_athens
GRE_cooperate_with_foreign_monopolies,GRE_crack_down_on_foreign_monopolies
GRE_bolster_the_schachtplan,GRE_renegotiate_debt_with_france
GRE_bolster_the_schachtplan,GRE_british_docking_rights
GRE_a_modern_navy,GRE_abandon_the_greek_turkish_naval_treaty
GRE_embracing_modern_warfare,GRE_new_weapons_old_tricks
GRE_destroying_our_foes,GRE_protecting_our_skies
HABSBURG_meeting_the_logistical_challenge,HABSBURG_organizational_exercises
HABSBURG_defensive_hussars,HABSBURG_offensive_hussars
HABSBURG_specializing_in_civilian_logistics,HABSBURG_specializing_in_the_arms_industry
HABSBURG_industrial_effectivization,HABSBURG_reinforced_industry
HOA_the_adjective_industrial_fund,HOA_the_adjective_regional_development_fund
HOA_the_capital_city_airport,HOA_use_the_natural_harbors
HOA_every_man_a_warrior,HOA_strengthen_the_irregulars
HOA_metal_beasts,HOA_the_roars_of_thunder
HOA_develop_indigenous_models,HOA_metal_beasts
HOA_countryleader,HOA_securing_the_adjective_future
HOA_countryadjective_loyalist_advisors,HOA_foreign_trained_officials
HUN_balanced_budget,HUN_economic_intervention
HUN_elect_a_democratic_king,HUN_invite_the_habsburg_prince
HUN_elect_a_fascist_king,HUN_invite_the_habsburg_prince
HUN_demand_a_referendum,HUN_take_austria_by_force
HUN_elect_a_democratic_king,HUN_elect_a_fascist_king
HUN_join_allies,HUN_the_balkan_pact
HUN_council_of_peoples_commissars,HUN_strengthen_fascists
HUN_renew_the_rome_protocols,HUN_trade_deal_with_germany
HUN_join_comintern,HUN_the_revolutionary_council
HUN_civilian_industry,HUN_domestic_arms_industry
HUN_indigenous_designs,HUN_license_foreign_designs
HUN_indigenous_designs,HUN_joint_air_development
HUN_heavy_fighter_effort,HUN_light_fighter_effort
HUN_cas_focus,HUN_tac_focus
HUN_joint_air_development,HUN_license_foreign_designs
HUN_home_defense,HUN_mobile_focus
HUN_assault_gun_focus,HUN_develop_tanks
HUN_reform,HUN_restauration
wuw_HUN_continue_the_regency,wuw_HUN_end_the_regency
wuw_HUN_end_the_regency,wuw_HUN_end_the_white_terror
wuw_HUN_abide_by_the_little_ententes_stipulations,wuw_HUN_reinstate_the_pragmatic_sanction
wuw_HUN_invite_otto_to_the_throne,wuw_HUN_the_old_habsburg_king
wuw_HUN_a_grand_habsburg_alliance,wuw_HUN_seek_an_alliance_with_the_kaiser
wuw_HUN_seek_an_alliance_with_the_kaiser,wuw_HUN_the_old_grand_alliance
wuw_HUN_elect_a_democratic_king,wuw_HUN_establishing_a_new_dynasty
wuw_HUN_elect_a_fascist_king,wuw_HUN_establishing_a_new_dynasty
wuw_HUN_a_mobile_army,wuw_HUN_an_airforce_to_be_reckoned_with
wuw_HUN_a_bulwark_against_communism,wuw_HUN_on_a_high_horse
wuw_HUN_join_the_allies,wuw_HUN_the_balkan_pact
wuw_HUN_strengthen_horthys_reign,wuw_HUN_undermine_the_admiral
wuw_HUN_claim_overlordship_over_slovakia,wuw_HUN_demand_the_return_of_slovakia
wuw_HUN_invite_german_investors,wuw_HUN_renew_the_rome_protocols
wuw_HUN_join_the_comintern,wuw_HUN_restore_the_socialist_federative_republic
wuw_HUN_establish_the_second_republic,wuw_HUN_join_the_comintern
wuw_HUN_a_danubian_federation,wuw_HUN_approach_the_diasporas
wuw_HUN_avoid_interventionalist_destablilization,wuw_HUN_economic_intervention
wuw_HUN_expand_the_hungarian_academy_of_sciences,wuw_HUN_invite_foreign_investors
wuw_HUN_hungarian_tradition,wuw_HUN_tap_newfound_oil_deposits
wuw_HUN_develop_laszlo_vargas_design,wuw_HUN_the_mavag_heja
wuw_HUN_joint_air_development,wuw_HUN_repulo_muszaki_intezet
wuw_HUN_expand_the_army,wuw_HUN_quantity_over_quality
wuw_HUN_a_reformed_navy,wuw_HUN_embrace_navy_traditions
ICE_expand_the_fishing_industry,ICE_mineral_prospecting
ICE_develop_icelandic_shipping,ICE_heavy_industry
ICE_advanced_technology,ICE_develop_icelandic_shipping
ICE_not_our_king,ICE_the_kingdom_of_iceland
ICE_declare_absolute_neutrality,ICE_united_we_stand
ICE_embrace_the_workers_revolution,ICE_state_corporatism
ICE_a_naval_hub_in_the_atlantic,ICE_an_airbase_in_the_sea
ICE_a_profesional_army,ICE_enact_conscription
ICE_death_from_above,ICE_we_shall_defend_our_island
ICE_taking_the_fight_to_our_enemies,ICE_we_shall_defend_our_island
RAJ_indian_national_congress,RAJ_swaraj
RAJ_indian_national_army,RAJ_indian_peoples_army
RAJ_land_clearance,RAJ_workforce_integration
RAJ_indianize_the_army,RAJ_keep_british_generals
RAJ_great_depression_price_controls,RAJ_provincial_autonomy
RAJ_look_to_the_future,RAJ_look_to_the_past
RAJ_secular_rule,RAJ_theocratic_rule
RAJ_night_shifts,RAJ_productivity_mandate
RAJ_league_against_gandhism,RAJ_mahatma
RAJ_forward_bloc,RAJ_red_in_the_shadows
RAJ_india_united,RAJ_two_nation_theory_dlc
RAJ_agrarian_socialism,RAJ_urban_industrialism
RAJ_hindutva,RAJ_netaji
RAJ_bhutanese_protectorate,RAJ_the_second_duar_war
RAJ_authoritarianship,RAJ_guided_democracy
RAJ_cripps_mission_dlc,RAJ_haripura_session_of_the_indian_national_congress
RAJ_eastern_pakistan,RAJ_united_bengal
RAJ_i_am_death,RAJ_sideline_the_conflict
RAJ_i_am_death,RAJ_pledge_for_the_allies
RAJ_great_depression_price_controls,RAJ_his_majestys_loyal_government
RAJ_concessions_to_the_industrialists,RAJ_empower_provincial_authorities
RAJ_court_the_princes,RAJ_favor_the_muslim_league
RAJ_the_indian_parliament,RAJ_the_integrity_of_india_act
RAJ_curtail_the_zamindars,RAJ_expand_the_zamindari_system
RAJ_consult_with_congress_leaders,RAJ_linlithgows_declaration_of_war
RAJ_model_after_germany,RAJ_model_after_usa
RAJ_model_after_germany,RAJ_model_after_soviet
RAJ_model_after_soviet,RAJ_model_after_usa
RAJ_automating_the_army,RAJ_for_the_people_by_the_people
RAJ_prioritize_army_cargo,RAJ_prioritize_civilian_cargo
RAJ_specialized_dietary_requirement,RAJ_standardized_rations
RAJ_found_scindia_shipyard_dlc,RAJ_obtain_british_naval_contracts
IRQ_invite_foreign_arms_corporations,IRQ_local_arms_industry
IRQ_anglo_iraqi_oil_expansion,IRQ_nationalize_the_anglo_iraqi_oil_company
IRQ_purchase_alternative_aricraft,IRQ_purchase_british_aircraft
IRQ_ensure_sunni_dominance,IRQ_promote_kurdish_culture
IRQ_party_of_national_brotherhood,IRQ_rally_behind_the_hashemite_dynasty
IRQ_assasination_of_sidqi,IRQ_attempted_assasination_of_sidqi
IRQ_arab_league,IRQ_join_axis
IRQ_a_new_caliph,IRQ_hashemite_arab_federation
IRQ_curtail_arabism,IRQ_strengthen_the_golden_square
IRQ_join_axis,IRQ_restore_regent
ITA_polizia_dell_africa_italiana,ITA_strengthen_ascari_corps
ITA_power_plants_in_terni,ITA_steel_industry_in_terni
ITA_modernize_the_mezzogiorno,ITA_strengthen_northern_industry
ITA_increase_production,ITA_keep_specialization
ITA_a_bandits_war,ITA_preserve_army_traditions
ITA_end_fiat_ansaldo_duopoly,ITA_modernize_ansaldo_facilities
ITA_specialization,ITA_standardization
ITA_incrociatori_leggeri,ITA_incrociatori_pesanti
ITA_cruiser_submarines,ITA_midget_submarines
ITA_proper_carriers,ITA_refit_civilian_ships
ITA_solid_progress,ITA_the_abyssinian_fiasco
ITA_struggle_in_ethiopia,ITA_the_abyssinian_fiasco
ITA_convene_the_grand_council,ITA_culto_del_duce
ITA_boost_the_grand_council_of_fascism,ITA_to_live_as_a_lion
ITA_la_battaglia_del_grano,ITA_la_battaglia_per_la_terra
ITA_battaglioni_d_assalto,ITA_strengthen_the_blackshirts
ITA_mare_nostrum_bba,ITA_towards_a_greater_italy
ITA_capo_supremo,ITA_heroes_of_the_nation
ITA_dino_grandi_focus,ITA_italo_balbo_focus
ITA_a_greater_purpose,ITA_divino_duce
ITA_reinforce_regia_aeronautica,ITA_reorganize_regio_esercito
ITA_oil_in_tripoli,ITA_steel_in_tripoli
ITA_invite_france_to_military_partnership,ITA_seek_british_military_cooperation
ITA_dino_grandi_focus,ITA_monarchia_d_italia
ITA_power_to_the_king,ITA_revoke_the_acerbo_law
ITA_christian_democracy,ITA_democratic_king
ITA_disband_the_blackshirts,ITA_utilize_the_blackshirts
ITA_balkan_ambition,ITA_potential_allies_in_the_balkans
ITA_guarantee_austrian_independence,ITA_pact_of_steel
ITA_request_control_of_french_territories,ITA_war_with_france
ITA_guarantee_austrian_independence,ITA_italy_first
ITA_befriend_greece,ITA_war_with_greece
ITA_befriend_turkey,ITA_claims_on_turkey_bba
ITA_demand_balearic_islands_bba,ITA_spanish_italian_alliance
ITA_corpo_volontari_della_liberta,ITA_the_carabinieri
ITA_organize_strikes_in_the_north,ITA_the_southern_farmlands
ITA_culto_del_duce,ITA_defy_the_duce
ITA_italian_socialism,ITA_the_popular_front
ITA_appease_the_military,ITA_political_commissars
ITA_cooperate_with_the_mafia,ITA_crush_the_mafia
ITA_empower_the_carabinieri,ITA_political_commissars
ITA_defend_the_land,ITA_follow_the_soviet_union
ITA_italia_libera,ITA_reestablish_old_alliances
ITA_abolish_the_colonies,ITA_new_colonial_policies
JAP_support_the_kodoha_faction,JAP_the_unthinkable_option
JAP_asian_communist_solidarity,JAP_join_comintern
JAP_strengthen_civilian_government,JAP_support_the_kodoha_faction
JAP_modern_shogunate,JAP_showa_restoration
JAP_rekindle_the_old_alliance,JAP_west_pacific_treaty_organization
JAP_okadas_military_purge_speech,JAP_sea_purge_the_kodoha_faction
JAP_revere_the_emperor_destroy_the_traitors,JAP_sea_purge_the_kodoha_faction
JAP_empower_the_emperor,JAP_empower_the_shogun
JAP_the_enemy_of_our_enemy,JAP_utilize_our_polish_friendship
JAP_return_to_sakoku_ron,JAP_the_enemy_of_our_enemy
JAP_sea_purge_the_kodoha_faction,JAP_the_unthinkable_option
JAP_reprimand_hamada_kunimatsu,JAP_the_harakiri_debate
JAP_tojos_premiership,JAP_yamamotos_premiership
JAP_the_crysanthemum_throne,JAP_tojos_premiership
JAP_solidify_tohokai_rule,JAP_tojos_premiership
JAP_japans_longest_day,JAP_the_surrender_broadcast
JAP_ally_the_dragon_king,JAP_claim_the_raven_crown
JAP_ally_the_gorkhas,JAP_claim_the_scripech
JAP_ally_afghanistan,JAP_best_the_graveyard
JAP_occupy_siam,JAP_sea_pressure_siam
JAP_a_green_persimmon,JAP_the_persimmon_has_ripened
JAP_limit_military_power,JAP_sway_the_navy_moderates
JAP_divert_military_funds,JAP_return_of_the_manchukuo_exiles
JAP_a_red_sun_rises_for_a_new_era,JAP_organize_a_general_election
JAP_the_labor_farmer_faction_ascendant,JAP_the_lecture_group_ascendant
JAP_rikken_minseito_victory,JAP_rikken_seiyukai_victory
JAP_machida_chuuji_focus,JAP_mitsumasa_yonai_focus
JAP_abe_isoo_focus,JAP_mitsumasa_yonai_focus
JAP_abe_isoo_focus,JAP_tokugawa_iesato_focus
JAP_abe_isoo_focus,JAP_ichiro_hatoyama_focus
JAP_create_greater_east_asian_treaty_organization,JAP_sea_rekindle_the_old_alliance
JAP_democratic_nationalize_zaibatsus,JAP_democratic_work_with_the_zaibatsus
JAP_democratic_work_with_the_zaibatsus,JAP_split_uo_zaibatsu_monopolies
JAP_continue_takahashi_korekiyos_policies,JAP_increase_armament_spending
JAP_reform_the_army,JAP_rely_on_supremacy_of_the_will
JAP_domestic_tank_modernization_program,JAP_foreign_tank_modernization_cooperation
JAP_pivot_towards_defensive_measures,JAP_strenghten_the_supply_lines
JAP_sea_long_operational_range,JAP_sea_sturdy_aircraft
JAP_balanced_naval_approach,JAP_focus_on_aircraft_carriers
JAP_focus_on_aircraft_carriers,JAP_sea_battleship_initiative
JAP_assure_superior_naval_quality,JAP_seek_strength_in_numbers
BALTIC_restore_workers_republic,LAT_suspend_the_constitution
LAT_martial_prime_minister,LAT_renew_kviesis_term
LAT_integrate_farmers_party,LAT_renew_the_constitution
LAT_merge_presidential_titles,LAT_military_dictatorship
LAT_beyond_the_baltic,LAT_formalize_baltic_entente
LAT_latvia_for_latvians,LAT_the_sun_shines_equally
LAT_alignment_with_germany,LAT_anti_german_propaganda
LAT_anti_german_propaganda,LAT_the_thunder_strikes_alone
LAT_lightning_strike,LAT_support_baltic_fascists
LAT_ostland,LAT_united_baltic_empire
LAT_cave_to_enemy_pressure,LAT_ready_the_resistance
LAT_baltic_stronger_together,LAT_baltic_unification
LIT_peace_with_poland,LIT_soviet_mutual_assistance
LIT_indivisible_power_of_the_state,LIT_restore_public_elections
LIT_appease_nazis,LIT_prepare_resistance
LIT_appease_nazis,LIT_appease_soviets
LIT_exile_voldemares,LIT_free_voldemares
LIT_fortify_memel,LIT_seek_ties_with_germany
LIT_invade_poland,LIT_support_polish_fascists
LIT_request_polish_occupation,LIT_support_polish_fascists
LIT_a_martial_prime_minister,LIT_a_priestly_prime_minister
LIT_merge_the_military_and_civilian_governments,LIT_restore_public_elections
LIT_beyond_the_baltic,LIT_enforce_military_rule
LIT_beyond_the_baltic,LIT_formalize_baltic_entente
LIT_baltic_stronger_together,LIT_baltic_unification
LIT_a_king_for_our_people,LIT_a_martial_prime_minister
MAN_assertiveness,MAN_obedience
MAN_five_equal_peoples,MAN_staff_the_court_with_manchus
MAN_assert_our_authority,MAN_offer_vassalization
MAN_tsr_assertiveness,MAN_tsr_obedience
MAN_tsr_chinese_leadership,MAN_tsr_empire_of_manchukuo
MAN_tsr_five_equal_peoples,MAN_tsr_staff_the_court_with_manchus
MAN_tsr_bolster_nationalism,MAN_tsr_question_the_emperors_authority
MAN_tsr_depose_puyi,MAN_tsr_imperial_divinity
MAN_tsr_the_new_beiyang_government,MAN_tsr_zhao_shangzhis_coup
MAN_tsr_a_new_constitution,MAN_tsr_imperial_divinity
MAN_tsr_assert_our_authority,MAN_tsr_offer_vassalization
MEX_focus_exile_calles,MEX_focus_jefe_maximo
MEX_focus_agricultural_credit_bank,MEX_focus_liberalize_the_banking_sector
MEX_focus_arrest_general_cedillo,MEX_focus_support_general_cedillo
MEX_focus_nationalize_the_oil_fields,MEX_focus_royal_dutch_shell
MEX_focus_german_resource_exchange,MEX_focus_oppose_yanqui_imperialism
MEX_focus_compensation,MEX_focus_german_resource_exchange
MEX_focus_compensation,MEX_focus_oppose_yanqui_imperialism
MEX_focus_enforce_the_calles_law,MEX_focus_repeal_the_calles_law
MEX_focus_knights_of_columbus,MEX_focus_state_education
MEX_focus_legion_of_christ,MEX_focus_state_education
MEX_focus_knights_of_columbus,MEX_focus_legion_of_christ
MEX_focus_reform_the_cristero_guard,MEX_focus_synarchist_youth
MEX_focus_ban_political_militias,MEX_focus_legacy_of_revolution
MEX_focus_professional_army,MEX_focus_soldaderas
MEX_focus_the_gold_shirts,MEX_focus_the_red_shirts
MEX_focus_falangist_veterans,MEX_focus_support_spains_loyalists
MEX_focus_hispanic_alliance,MEX_focus_realpolitik
MEX_focus_bolivarian_alliance,MEX_focus_realpolitik
MEX_focus_blue_water_navy,MEX_focus_raiding_navy
MEX_focus_aerial_artillery,MEX_focus_heavy_artillery
HOL_curtail_colonial_autonomy,HOL_the_zuiderzee_works
HOL_develop_the_randstad,HOL_develop_the_zandstad
HOL_germany_is_the_greater_threat,HOL_protect_against_britain
HOL_modernize_our_infantry_equipment,HOL_production_under_license
HOL_protect_the_colonies,HOL_protect_the_mainland
HOL_air_cover_for_the_new_fleet,HOL_unsinkable_aircraft_carriers
HOL_modernize_the_cruiser_fleet,HOL_rely_on_submarines
HOL_cave_to_the_germans,HOL_maintain_trade_neutrality
HOL_cave_to_the_british,HOL_cave_to_the_germans
HOL_join_germany,HOL_the_netherlands_first
HOL_assume_the_naval_burden,HOL_beginnings_of_a_dutch_blitzkrieg
HOL_legacy_of_the_de_zeven_provincien_mutiny,HOL_oranje_boven
HOL_affirm_loyalty_to_moscow,HOL_join_the_french
HOL_affirm_loyalty_to_moscow,HOL_bastion_of_true_communism
HOL_go_with_britain,HOL_lead_the_minor_democracies
NZL_destroyer_effort,NZL_submarine_effort
NZL_bomber_focus,NZL_fighter_focus
NZL_heavy_bombers,NZL_modern_fighters
NZL_amend_the_maori_affairs_act,NZL_waitangi_tribunal
NZL_statute_of_westminster,NZL_strengthen_the_commonwealth
NZL_in_the_darkness,NZL_the_lee_affair
NZL_befriend_japan,NZL_rule_them_all
NZL_constitution_amendment_act,NZL_the_lee_affair
NORDIC_infantry_first,NORDIC_mechanized_army
NORDIC_control_the_northern_sea,NORDIC_defend_the_danish_belt
NORDIC_baltic_sea_dominance,NORDIC_defend_the_danish_belt
NORDIC_ground_operations,NORDIC_submarine_cooperation
NORDIC_ground_operations,NORDIC_mountaineers
NORDIC_amphibious_forces,NORDIC_ground_operations
NORDIC_bomber_command,NORDIC_fighter_command
NORDIC_carrier_effort,NORDIC_ground_operations
NORDIC_develop_resources,NORDIC_fill_the_infrastructure_gaps
NORDIC_naval_construction,NORDIC_railway_expansion
NORDIC_nordic_rocketry,NORDIC_nuclear_research
NORDIC_naval_construction,NORDIC_nuclear_production
NORDIC_jet_engines,NORDIC_machine_tools_research
NORDIC_ad_hoc_military_industry,NORDIC_military_industry_hub
NORDIC_equipment_conversion_focus,NORDIC_jet_engines
NOR_a_resurgent_labor_movement,NOR_vote_of_no_confidence
NOR_continue_nygaardsvold_government,NOR_vote_of_no_confidence
NOR_compromise_with_the_nkp,NOR_prosecute_the_nkp
NOR_continue_nygaardsvold_government,NOR_the_stumbling_storting
NOR_lurk_in_the_shadows,NOR_the_chamberlains_overture
NOR_get_rid_of_quisling,NOR_quislings_regime
NOR_bring_back_quisling,NOR_jonas_lie_coup
NOR_appoint_prince_olav_to_army_staff,NOR_prince_olav_to_navy_staff
NOR_norges_rikstanksfabrikk,NOR_tank_procurement
NOR_empower_large_industrial_groups,NOR_fund_local_construction
NOR_foreign_plane_designs,NOR_norwegian_planes
NOR_battleship_focus,NOR_kystvakten
PAR_fedrerista_land_reforms,PAR_reach_out_to_european_contacts
PAR_assasinate_rafael_franco,PAR_goad_bolivia
PAR_pull_back_troops_from_the_chaco,PAR_revenge_for_the_chaco_war
PAR_join_the_allies,PAR_join_the_axis
PAR_join_the_axis,PAR_join_the_cominterm
GUAY_disperse_military_power,GUAY_form_ties_with_the_military
GUAY_clamp_down_on_new_territories,GUAY_develop_new_territories
GUAY_a_deal_with_devil,GUAY_no_second_american_colonization
PER_shiraz_university,PER_university_of_isfahan
PER_trains_from_britain,PER_trains_from_germany
PER_oil_baron,PER_profit_from_war
PER_czech_tanks,PER_german_tanks
PER_bolster_infantry,PER_swedish_artillery
PER_every_man_serves,PER_military_excellency
PER_luftwaffe_planes,PER_raf_planes
PER_battlefield_support,PER_strategic_bombing
PER_air_superiority,PER_battlefield_support
PER_bolster_the_caspian,PER_persian_gulf_fleet
PER_expert_raiders,PER_merchant_navy
PER_rally_the_reformers,PER_the_pahlavi_imperium
PER_legacy_of_greatness,PER_stand_with_giants
PER_question_of_resources,PER_stand_our_ground
PER_dig_and_defend,PER_force_them_back
PER_push_to_deserts,PER_push_to_mountains
PER_capital_protect,PER_secure_coastline
PER_demand_war_reparations,PER_force_white_peace
PER_push_negotiations,PER_swear_fealty
PER_azadi,PER_declare_loyalty_to_britain
PER_assassinate_reza_shah,PER_root_out_conspiracies
PER_embrace_opulence,PER_emperor_for_people
PER_embrace_industrial_powers,PER_limit_foreign_influence
PER_state_atheism,PER_venerate_islam
PER_revive_old_ways,PER_state_atheism
PER_rally_behind_mosaddegh,PER_united_progressive_parties
PER_constitutional_monarchy,PER_embrace_national_front
PER_continue_westernization,PER_islamic_restoration
PER_increase_oil_sales,PER_nationalize_oil_fields
PER_elevate_the_iran_party,PER_strengthen_the_tudeh
PER_iranian_culture,PER_rally_behind_mosaddegh
PER_fascist_reach_out_to_germany,PER_fascist_reach_out_to_japan
PER_fascist_reach_out_to_germany,PER_iran_first
PHI_align_with_japan,PHI_align_with_the_usa
PHI_leverage_the_peso,PHI_peg_the_peso_to_the_dollar
PHI_anti_hacendados,PHI_pro_hacendados
PHI_nationality_act,PHI_open_borders
PHI_break_chinese_monopoly,PHI_encourage_chinese_immigration
PHI_gunboat_diplomacy,PHI_war_plan_rainbow_five
PHI_slippery_slope,PHI_the_red_sun_over_manila
PHI_election_overturned,PHI_the_red_sun_over_manila
PHI_reino_de_filipinas,PHI_second_philippine_republic
PHI_assume_the_naval_burden,PHI_develop_naval_infrastructure
PHI_comitern,PHI_pan_pacific_trade_union_secretariat
PHI_beach_defense_strategy,PHI_war_plan_orange
PHI_devil_boats,PHI_mosquito_fleet
POL_abolish_segregated_seating,POL_ideological_fanaticism
POL_attract_foreign_motors,POL_modernising_the_cavalry
POL_light_bomber_focus,POL_medium_bomber_focus
POL_complete_april_constitution,POL_organize_the_peasants_strike
POL_camp_of_national_unity,POL_dissolve_the_bbwr
POL_codify_national_unity,POL_draft_a_new_constitution
POL_second_man_of_the_state,POL_the_left_chairman
POL_dissolve_the_bbwr,POL_ozon
POL_align_with_the_west,POL_polish_revanchism
POL_align_with_the_west,POL_baltic_security
POL_lithuanian_annexation,POL_lithuanian_ultimatum
POL_complete_april_constitution,POL_restore_the_sejm
POL_arm_peasant_militia,POL_ease_sanationist_tensions
POL_KPP_focus,POL_elect_a_PSL_leader
POL_polish_path_to_socialism,POL_surrender_the_east
POL_com_independence,POL_greater_polish_SSR
POL_anti_capitalist_revolution,POL_preserve_bougoise_democracy
POL_anti_capitalist_revolution,POL_morges_pact
POL_assemble_the_regency_council,POL_complete_april_constitution
POL_habsburg,POL_hohenzollern
POL_align_with_habsburgs,POL_trust_in_the_west
POL_cossack_king,POL_habsburg
POL_assert_western_claims,POL_seek_german_alignment
POL_habsburg,POL_romanov
POL_assert_western_claims,POL_claim_russia
POL_claiming_lithuania,POL_habsburg
POL_pro_allied_government,POL_royal_dictatorship
POL_complete_april_constitution,POL_nationalist_constitution
POL_reopen_national_elections,POL_riot_of_37
POL_beck_ribbentrop,POL_reassert_silesian_claims
POL_german_training,POL_konfederacja_narodu
POL_german_staff,POL_polish_shock_battallions
POL_reach_out_to_underground_state,POL_request_autonomous_status
POL_assurance_of_loyalty,POL_declare_independence
POL_anti_germans_abroad,POL_demand_LIT
POL_authoritarianism,POL_liberalism_focus
POL_go_left,POL_go_right
POL_control_the_bosporus,POL_invite_greece
POL_clamp_down_on_danzig,POL_develop_polish_ship_building
POL_coastal_defense,POL_strike_force
POR_limited_self_rule,POR_luso_tropicalism
POR_advanced_light_aircraft,POR_armor_focus
POR_food_industries,POR_industrial_modernization
POR_defend_the_borders,POR_rebuild_the_lines_of_torres_vedras
POR_estado_novo,POR_popular_front
POR_join_the_comintern,POR_the_popular_front_bloc
POR_strict_neutrality_in_the_spanish_civil_war,POR_support_the_spanish_republic
POR_visit_the_front,POR_workers_of_iberia_unite
POR_iberian_summit,POR_nationalist_intervention
POR_strict_neutrality_in_the_spanish_civil_war,POR_support_the_spanish_nationalists
POR_national_syndicalism,POR_strengthen_the_regime
POR_honor_anglo_portuguese_alliance,POR_proudly_alone
POR_join_the_axis,POR_the_fifth_empire
POR_recover_brazil,POR_the_kingdom_reunited
POR_a_royal_wedding,POR_support_the_spanish_nationalists
POR_remember_olivenca,POR_the_royal_iberian_alliance
ROM_balkans_dominance,ROM_preserve_greater_romania
ROM_invite_foreign_motor_companies,ROM_malaxa
ROM_flexible_foreign_policy,ROM_his_majestys_loyal_government
ROM_iron_guard,ROM_national_christian_party
ROM_force_abdication,ROM_handle_the_king
ROM_acquire_licenses,ROM_local_development
ROM_air_defense,ROM_ground_support
ROM_air_superiority,ROM_strategic_bomber_force
ROM_mobile_tank_destroyers,ROM_modern_at_guns
ROM_reserve_divisions,ROM_the_armored_division
ROM_black_sea_dominance,ROM_coastal_defense_navy
SAF_expand_the_cape_corps,SAF_outlaw_strikes
SAF_abandon_westminster,SAF_support_the_policy_of_appeasement
SAF_empower_the_workers,SAF_support_the_afrikaner_broederbond
SAF_south_africa_first,SAF_support_nazification_of_south_west_africa
SAF_anti_colonialist_crusade,SAF_join_comintern
SAF_improve_the_hawker_hartbees,SAF_replace_the_blenheim
SAF_disrupt_the_trade,SAF_protect_the_trade
SAF_prepare_overseas_offensive,SAF_strengthen_the_cape_garrison_artillery
SOV_reorganize_the_pc_of_heavy_industry,SOV_shift_to_armaments_production
SOV_foreign_experts,SOV_national_specialists
SOV_increase_aircraft_production,SOV_intensify_pilot_training_program
SOV_ground_support,SOV_long_range_aircraft
SOV_submarine_warfare,SOV_surface_warfare
SOV_improve_the_stalin_line,SOV_the_molotov_line
SOV_cohesion_first,SOV_restore_cossack_units
SOV_keep_commissars_organization,SOV_swap_to_political_advisors
SOV_adjoined_battle_priests,SOV_swap_to_political_advisors
SOV_beaten_but_not_defeated,SOV_the_path_of_marxism_leninism
SOV_the_centre,SOV_the_right_opposition
SOV_inheritor_of_the_mantle_of_lenin,SOV_the_faithful_servant_of_lenin
SOV_architect_of_communism,SOV_great_commander
SOV_the_left_opposition,SOV_the_right_opposition
SOV_cooperation_against_stalin,SOV_left_eliminate_right
SOV_left_purges,SOV_return_democracy_to_the_party
SOV_reigniting_the_revolutionary_spirit,SOV_the_builder_of_the_red_army
SOV_regional_development,SOV_strengthen_the_trade_unions
SOV_cooperation_against_stalin,SOV_eliminate_the_left
SOV_concessions_to_foreign_powers,SOV_covert_support_for_spanish_poum
SOV_return_democracy_to_the_party,SOV_right_purges
SOV_a_new_theory_of_revolution,SOV_administrative_reforms
SOV_for_the_common_good,SOV_strengthen_the_trade_unions
SOV_divert_attention_towards_military,SOV_military_support
SOV_collectivist_propaganda,SOV_positive_heroism
SOV_policy_of_collective_security,SOV_policy_of_individual_security
SOV_claims_in_baltic,SOV_respect_baltic_self_determination
SOV_demand_eastern_poland,SOV_offer_poland_protection
SOV_demand_balkan_submission,SOV_seek_balkan_cooperation
SOV_support_afghan_ideology,SOV_the_southern_thrust
SOV_reconcile_japan,SOV_the_threat_from_the_land_of_the_rising_sun
SOV_the_gobi_gambit,SOV_two_red_flags
SOV_support_the_kuomintang,SOV_the_gobi_gambit
SOV_end_the_khalkhin_gol_conflict,SOV_recover_the_kuril_islands
SOV_bringing_breakaways_back_to_the_fold,SOV_offer_autonomy_to_former_soviet_republics
SOV_dismantle_the_zemsky_sobor,SOV_romanov_reconstruction
SOV_panslavic_nationalism,SOV_the_rightful_heir_to_the_empire
SOV_our_slavic_commitments,SOV_panslavic_nationalism
SOV_intervention_in_the_americas,SOV_into_central_asia
SOV_japanese_overtures,SOV_memories_of_1905
SPA_a_great_spain,SPR_the_popular_front
SPA_con_paquito,SPA_sin_paquito
SPR_secure_the_guardia_civil,SPR_secure_the_guardia_de_asalto
SPA_the_phalanx_ascendant,SPA_unify_the_nationalist_front
SPA_autarky,SPA_fascist_economic_aid
SPA_capitalist_economic_aid,SPA_expand_the_axis_gold_trade
SPA_dictator_for_life,SPA_restore_the_monarchy
SPA_supremacy_of_the_communion,SPA_the_phalanx_ascendant
SPR_regional_defense_council_of_aragon,SPR_the_anti_fascist_workers_revolution
SPR_hinder_nkvd_interference,SPR_the_stalinist_doctrine
SPR_maintain_the_second_republic,SPR_regional_defense_council_of_aragon
SPR_end_fascism_at_all_costs,SPR_oppose_the_communists
SPR_enemies_of_our_enemy,SPR_those_who_would_not_help_us
SPR_enemies_of_our_enemy,SPR_join_the_global_fight_against_fascism
SWE_continue_the_second_industrial_revolution,SWE_the_old_enemy_stirs
SWE_defense_above_all,SWE_individual_liberty_and_prosperity_for_all
SWE_allow_landsverk_to_operate,SWE_sieze_landsverk
SWE_kp_bill,SWE_lynx_winter_armored_cars
SWE_paid_holidays,SWE_privately_managed_holidays
SWE_reject_saltsjobaden,SWE_saltsjobaden_agreement
SWE_align_more_closely_with_the_landsorganisationen,SWE_coalition_war_cabinet
SWE_retool_dockyards,SWE_rule_the_baltic
SWE_domestic_designs,SWE_foreign_designs
SWE_formation_flying,SWE_marauder_bombers
SWE_rockets,SWE_the_barrel
SWE_finlands_cause_is_ours,SWE_swedes_not_sweden_to_finlands_aid
SWE_finlands_cause_is_ours,SWE_the_aland_question
SWE_prevent_a_red_dictatorship,SWE_the_nordic_defense_council
SWE_central_nordic_army_command,SWE_decentralized_nordic_army_command
SWE_defense_in_depth,SWE_land_air_warfare
SWE_rapid_mobilization,SWE_secret_mobilization
SWE_revoke_anti_militia_laws,SWE_undermine_the_fascists
SWE_delegation_to_berlin,SWE_organize_a_putsch
SWE_king_in_council,SWE_restoring_order
SWE_economic_independence,SWE_economic_integration
SWE_military_independence,SWE_military_integration
SWE_germanify_sweden,SWE_promote_nordic_identity
SWE_establish_nordland,SWE_the_new_order
SWE_approach_the_allies,SWE_narvik_crisis
SWE_demand_demilitarization_of_finnish_border,SWE_swedish_finnish_defense_agreement
SWE_scandinavian_defense_union,SWE_the_threat_of_the_iron_curtain
SWI_panoramaheim_branch,SWI_spab_counter_intelligence_agency
SWI_frontier_defense_plan,SWI_promote_guisan
SWI_fortify_the_jura,SWI_rig_infrastructure_to_blow
SWI_integrate_refugees_into_the_army,SWI_prolonged_service
SWI_closer_democratic_ties,SWI_gotthard_union
SWI_join_france,SWI_join_the_allies
SWI_join_france,SWI_secret_pact_with_the_allies
SWI_join_the_allies,SWI_secret_pact_with_the_allies
SWI_pre_empt_anschluss,SWI_the_new_eidgenossenschaft
SWI_neutral_entente,SWI_switzerland_on_the_offense
SWI_multipurpose_tanks,SWI_rolling_fortresses
SWI_buy_foreign_surplus_ships,SWI_swiss_ship_designs
SWI_floating_fortresses,SWI_submarine_raiders
SWI_license_axis_plane_designs,SWI_swiss_airplane_designs
SWI_promote_henne,SWI_promote_tobler
SWI_alpine_specialization,SWI_swiss_armored_divisions
SMB_motorized,SMB_regular_infantry
SMB_domestic_production,SMB_foreign_designs
SMB_atacama_training,SMB_tierra_del_fuego_training
SMB_army_professionalism,SMB_conscription
SMB_special_forces_option_1,SMB_special_forces_option_2
SMB_special_forces_option_1,SMB_special_forces_option_3
SMB_domestic_designs,SMB_license_designs
SMB_domestic_designs,SMB_purchase_aircraft
SMB_flying_fortress,SMB_tactical_air_force
SMB_flying_fortress,SMB_nimble_air_force
SMB_army_support,SMB_strategic_bombing
SMB_army_support,SMB_winning_the_air_war
SMB_naval_support,SMB_winning_the_air_war
SMB_blue_water_fleet,SMB_coastal_fleet
SMB_escort_fleet,SMB_raiding_fleet
SMB_cruiser_subs,SMB_midget_subs
SMB_enlarge_naval_facilities,SMB_merchant_marine
TUR_continue_the_policy_of_etatism,TUR_fully_integrate_the_is_bank
TUR_peace_at_home,TUR_revive_turkish_revolutionism
TUR_rehabilitate_the_kadro_movement,TUR_reinvigorate_turkish_nationalism
TUR_kemalism_and_the_modern_movement,TUR_kemalist_socialist_theory
TUR_pivot_to_the_past,TUR_reconfigure_our_foreign_policy
TUR_join_the_central_powers,TUR_press_the_austro_hungarian_claim
TUR_continue_to_prioritise_balkan_integrity,TUR_reconfigure_our_foreign_policy
TUR_extend_an_olive_branch_to_bulgaria,TUR_preempt_bulgarian_alignment
TUR_join_the_allies,TUR_the_mediterranean_entente
TUR_join_the_axis,TUR_the_mediterranean_entente
TUR_carve_up_greece,TUR_entice_the_greeks
TUR_cleanse_iberia_of_bolshevism,TUR_court_the_spanish
TUR_end_the_british_hegemony,TUR_punish_french_weakness
TUR_pack_for_a_long_winter,TUR_the_tuz_golu_training_facility
TUR_secure_the_iraqi_oil,TUR_support_the_golden_square
TUR_anti_bolshevik_mediterranean_bloc,TUR_the_mediterranean_entente
TUR_readdress_the_montreux_convention,TUR_the_mediterranean_entente
TUR_avenge_the_treaty_of_sevres,TUR_strike_at_the_fascist_menace
TUR_konfederasyon,TUR_unite_the_azeri_diaspora
TUR_liberate_the_kurdish_diaspora,TUR_unite_the_azeri_diaspora
TUR_embrace_military_tradition,TUR_mechanising_our_army
TUR_invoke_the_methods_of_mehmed_ii,TUR_patrol_the_seas
TUR_the_legacy_of_osmanli_donanmasi,TUR_the_path_of_the_wolf
uk_battleship_focus,uk_carrier_focus
ENG_revisit_colonial_policy,uk_empire_focus
uk_rock_focus,uk_spain_focus
uk_greece_focus,uk_turkey_focus
ENG_indian_autonomy,uk_free_india_focus
ENG_a_change_in_course,ENG_steady_as_she_goes
ENG_global_defense,ENG_home_defence
ENG_maintaining_imperial_integrity,ENG_maintaining_the_balance_of_power
ENG_organize_the_blackshirts,ENG_the_kings_party
ENG_alliance_with_germany,ENG_noninterference_treaty_with_germany
ENG_gibraltar_for_spanish_support,ENG_pre_empt_spanish_alignment
ENG_concessions_to_the_trade_unions,ENG_the_kings_party
ENG_follow_moscow,ENG_the_british_communist_alternative
ENG_enforce_decolonization,ENG_reach_out_across_the_channel
ENG_soviet_cooperation,ENG_the_one_true_revolution
ENG_tackle_capitalism,ENG_tackle_fascism
URG_accion_revisionista_del_uruguay,URG_colorado_victory
URG_blanco_victory,URG_colorado_victory
USA_continue_the_new_deal,USA_reestablish_the_gold_standard
USA_secure_china,USA_unholy_alliance
USA_limited_intervention,USA_neutrality_act
USA_focus_on_asia,USA_focus_on_europe
USA_main_battle_tanks,USA_tank_destroyer_doctrine
USA_air_support,USA_strategic_bombing
USA_battleship_primacy,USA_carrier_primacy
YUG_recognize_the_soviet_union,YUG_western_focus
YUG_friendship_treaty_with_italy,YUG_reinforce_old_alliances
YUG_evolution,YUG_limited_self_government
YUG_devolved_croatia,YUG_united_autonomous_croatia
YUG_divide_bosnia,YUG_safeguard_bosnia
YUG_autonomous_transylvania,YUG_banat_for_support
YUG_autonomous_transylvania,YUG_fortify_banat
YUG_crush_the_ustasa,YUG_establish_the_banovina_of_croatia
YUG_ban_slovene_nationalist_parties,YUG_slovenia_for_support
YUG_concessions_for_macedonians,YUG_surrender_macedonia
YUG_end_the_regency,YUG_join_axis
YUG_surrender_italian_claims,YUG_zara_for_axis
YUG_enforced_neutrality,YUG_join_allies
YUG_towards_independence,YUG_united_kingdom
YUG_join_comintern,YUG_yugoslavian_path_to_communism
YUG_develop_civilian_industry,YUG_develop_military_industry
YUG_improve_serbian_rail_network,YUG_integrated_rail_network
YUG_local_developers,YUG_purchase_foreign
YUG_bomber_license,YUG_fighter_license
YUG_modern_tanks,YUG_tank_conversions
YUG_supremacy_of_defense,YUG_supremacy_of_offense
YUG_expand_the_serbian_shipyards,YUG_expand_the_split_shipyards
