state_id,effective_date,owner_tag,controller_tag,source_file,dlc_source
1,1936-01-01,FRA,,1-France.txt,
10,1936-01-01,POL,,10-Poland.txt,
100,1936-01-01,ICE,,100-Iceland.txt,
1000,1936-01-01,PER,,1000-East Azerbaijan.txt,
1001,1936-01-01,PER,,1001-Kurdistan.txt,
1002,1936-01-01,PER,,1002-Yazd.txt,
1003,1936-01-01,PER,,1003-South Khorasan.txt,
1004,1936-01-01,PER,,1004-North Khorasan.txt,
1005,1936-01-01,AFG,,1005-Qataghan.txt,
1006,1936-01-01,AFG,,1006-Khyber Pass.txt,
1007,1936-01-01,AFG,,1007-Maymanah.txt,
1008,1936-01-01,AFG,,1008-Qandahar.txt,
1009,1936-01-01,AFG,,1009-Farah.txt,
101,1936-01-01,DEN,,101-Greenland.txt,
1010,1936-01-01,IRQ,,1010-Al Anbar.txt,
1011,1936-01-01,IRQ,,1011-Al Basrah.txt,
1012,1936-01-01,RAJ,,1012-Kalat.txt,
1013,1936-01-01,OMA,,1013 -Musamdam.txt,
1014,1936-01-01,ENG,,1014 - Bahrain.txt,
1015,1936-01-01,OMA,,1015 - Interior Oman.txt,
1016,1936-01-01,OMA,,1016 - Dhofar.txt,
1017,1936-01-01,FRA,,1017 - Trung Bo.txt,
1018,1936-01-01,JAP,,1018 - South Kyushu.txt,
1019,1936-01-01,JAP,,1019 - South Tohoku.txt,
102,1936-01-01,YUG,,102-North-Eastern Slovenia.txt,
1020,1936-01-01,JAP,,1020 - Sanin.txt,
1021,1936-01-01,ENG,,1021 - Actual Singapore.txt,
1022,1936-01-01,INS,,1022 - Interior Borneo.txt,
1023,1936-01-01,MAL,,1023 - Brunei.txt,
1024,1936-01-01,MAL,,1024 - Sabah.txt,
1025,1936-01-01,PHI,,1025 - Zamboanga.txt,
1026,1936-01-01,PHI,,1026 - North Mindanao.txt,
1027,1936-01-01,PHI,,1027 - Bataan.txt,
1028,1936-01-01,JAP,,1028 - Hamgyong.txt,
1029,1936-01-01,JAP,,1029 - Gangwon.txt,
103,1936-01-01,YUG,,103-Croatia.txt,
1030,1936-01-01,JAP,,1030 - Gyeongsang.txt,
1031,1936-01-01,JAP,,1031 - Chungcheong Jeolla.txt,
1032,1936-01-01,PRC,,1032 - Yanan.txt,
1032,1938-10-25,PRC,PRC,1032 - Yanan.txt,
1033,1936-01-01,GXC,,1033 - Fangchenggang.txt,
1033,1938-10-25,CHI,,1033 - Fangchenggang.txt,
1034,1936-01-01,CHI,,1034 - Suzhou.txt,
1035,1936-01-01,CHI,,1035 - Nanjing.txt,
1036,1936-01-01,CHI,,1036 - Wuhan.txt,
1037,1936-01-01,CHI,,1037 - Chongqing.txt,
1037,1938-10-25,CHI,CHI,1037 - Chongqing.txt,"No Compromise, No Surrender"
1038,1936-01-01,CHI,,1038 - Jinan.txt,
1038,1938-10-25,CHI,JAP,1038 - Jinan.txt,"No Compromise, No Surrender"
1039,1936-01-01,CHI,,1039 - Hebei-Chahar.txt,
1039,1938-10-25,CHI,MEN,1039 - Hebei-Chahar.txt,
104,1936-01-01,YUG,,104-Bosnia.txt,
1040,1936-01-01,XSM,,1040 - Alxa.txt,
1041,1936-01-01,CHI,,1041 - Chengdu.txt,
1041,1938-10-25,CHI,CHI,1041 - Chengdu.txt,"No Compromise, No Surrender"
1042,1936-01-01,SIK,,1042 - Khotan.txt,
1042,1938-10-25,SIK,SIK,1042 - Khotan.txt,"No Compromise, No Surrender"
1043,1936-01-01,MEN,,1043 - Pailingmiao.txt,
1044,1936-01-01,XSM,,1044 - Wuwei.txt,
1045,1936-01-01,XSM,,1045 - Guyuan.txt,
1046,1936-01-01,PRC,,1046 - Yulin.txt,
105,1936-01-01,YUG,,105-Montenegro.txt,
106,1936-01-01,YUG,,106-Macedonia.txt,
107,1936-01-01,YUG,,107-Kosavo.txt,
108,1936-01-01,YUG,,108-Eastern Serbia.txt,
109,1936-01-01,YUG,,109-Eastern Croatia.txt,
11,1936-01-01,LIT,,11-Kaunas.txt,
110,1936-01-01,NOR,,110-Norway.txt,
111,1936-01-01,FIN,,111-Uusima.txt,
112,1936-01-01,POR,,112-Lisbon.txt,
113,1936-01-01,IRE,,113-Ireland.txt,
114,1936-01-01,ITA,,114-Sardinia.txt,
115,1936-01-01,ITA,,115-Sicily.txt,
116,1936-01-01,ENG,,116-Malta.txt,
117,1936-01-01,ITA,,117-Napoli.txt,
118,1936-01-01,ENG,,118-Gibralter.txt,
119,1936-01-01,ENG,,119-Northern Ireland.txt,
12,1936-01-01,LAT,,12-Latvia.txt,
120,1936-01-01,ENG,,120-Scottish Highlands.txt,
121,1936-01-01,ENG,,121-Scottish Lowlands.txt,
122,1936-01-01,ENG,,122-Wales.txt,
123,1936-01-01,ENG,,123-Cornwall.txt,
124,1936-01-01,SWE,,124-Gotland.txt,
125,1936-01-01,ENG,,125-East Anglia.txt,
126,1936-01-01,ENG,,126-Greater London Area.txt,
127,1936-01-01,ENG,,127-South-east England.txt,
128,1936-01-01,ENG,,128-West Midlands.txt,
129,1936-01-01,ENG,,129-East Midlands.txt,
13,1936-01-01,EST,,13-Estonia.txt,
130,1936-01-01,ENG,,130-Yorkshire.txt,
131,1936-01-01,ENG,,131-Northern England.txt,
132,1936-01-01,ENG,,132-North-west England.txt,
133,1936-01-01,ENG,,133-Strathclyde.txt,
134,1936-01-01,IRE,,134-Connaught.txt,
135,1936-01-01,IRE,,135-Munster.txt,
136,1936-01-01,ENG,,136-Aberdeenshire.txt,
137,1936-01-01,SOV,,137-Crimea.txt,
138,1936-01-01,SWE,,138-Skane.txt,
139,1936-01-01,SWE,,139-Smaland.txt,
14,1936-01-01,FRA,,14-Brittany.txt,
140,1936-01-01,SWE,,140-Vaster Gotland.txt,
141,1936-01-01,SWE,,141-Sodermanland.txt,
142,1936-01-01,NOR,,142-Vestlandet.txt,
143,1936-01-01,NOR,,143-Midt-Noreg.txt,
144,1936-01-01,NOR,,144-Nord-Noreg.txt,
145,1936-01-01,FIN,,145-Aland.txt,
146,1936-01-01,FIN,,146-Karelia.txt,
147,1936-01-01,FIN,,147-Salla.txt,
148,1936-01-01,FIN,,148-Lappi.txt,
149,1936-01-01,FIN,,149-Vaasa.txt,
15,1936-01-01,FRA,,15-Normandy.txt,
150,1936-01-01,FIN,,150-Kuopio.txt,
151,1936-01-01,SWI,,151-Eastern Swiss Alps.txt,
152,1936-01-01,AUS,,152-Upper Austria.txt,
152,1938-03-12,GER,GER,152-Upper Austria.txt,
153,1936-01-01,AUS,,153-Tyrol.txt,
153,1938-03-12,GER,GER,153-Tyrol.txt,
154,1936-01-01,HUN,,154-Southern plain.txt,
155,1936-01-01,HUN,,155-Western Hungary.txt,
156,1936-01-01,ITA,,156-Calabria.txt,
157,1936-01-01,ITA,,157-Abruzzo.txt,
158,1936-01-01,ITA,,158-Piedmont.txt,
159,1936-01-01,ITA,,159-Lombardy.txt,
16,1936-01-01,FRA,,16-Ile de France.txt,
160,1936-01-01,ITA,,160-Veneto.txt,
161,1936-01-01,ITA,,161-Emilia Romagna.txt,
162,1936-01-01,ITA,,162-Tuscany.txt,
163,1936-01-01,ITA,,163-Dalmatia.txt,
164,1936-01-01,ITA,,164-Dodecanese.txt,
165,1936-01-01,SPR,,165-Catalonia.txt,
166,1936-01-01,SPR,,166-Western Aragon.txt,
167,1936-01-01,SPR,,167-Valencia.txt,
168,1936-01-01,SPR,,168-Murcia.txt,
169,1936-01-01,SPR,,169-Sevilla.txt,
17,1936-01-01,FRA,,17-Alcase Lorraine.txt,
170,1936-01-01,SPR,,170-Extremadura.txt,
171,1936-01-01,SPR,,171-Galicia.txt,
172,1936-01-01,SPR,,172-Navarre.txt,
173,1936-01-01,SPR,,173-Granada.txt,
174,1936-01-01,SPR,,174-Leon.txt,
175,1936-01-01,SPR,,175-Ciudad Real.txt,
176,1936-01-01,SPR,,176-Burgos.txt,
177,1936-01-01,SPR,,177-Balearic Islands.txt,
178,1936-01-01,SPR,,178-Canary islands.txt,
179,1936-01-01,POR,,179-Beja.txt,
18,1936-01-01,FRA,,18-Champagne.txt,
180,1936-01-01,POR,,180-Porto.txt,
181,1936-01-01,POR,,181-Guarda.txt,
182,1936-01-01,GRE,,182-Crete.txt,
183,1936-01-01,ENG,,183-Cyprus.txt,
184,1936-01-01,GRE,,184-Thrace.txt,
185,1936-01-01,GRE,,185-Epirus.txt,
186,1936-01-01,GRE,,186-Peloponnese.txt,
187,1936-01-01,GRE,,187-Aegean Islands.txt,
188,1936-01-01,LIT,,188-Memel.txt,
188,1939-03-22,GER,GER,188-Memel.txt,
189,1936-01-01,LIT,,189-Kaunas.txt,
19,1936-01-01,FRA,,19-Aquitaine.txt,
190,1936-01-01,LAT,,190-Kurzeme.txt,
191,1936-01-01,EST,,191-Tartu.txt,
192,1936-01-01,SOV,,192-Odessa.txt,
193,1936-01-01,SOV,,193-Kiev.txt,
194,1936-01-01,SOV,,194-Pinsk Marches.txt,
195,1936-01-01,SOV,,195-Leningrad Area.txt,
196,1936-01-01,SOV,,196-Kherson.txt,
197,1936-01-01,SOV,,197-Mykolaiv.txt,
198,1936-01-01,SOV,,198-Vinnytsia.txt,
199,1936-01-01,SOV,,199-Khmelnytskyi.txt,
2,1936-01-01,ITA,,2-Italy.txt,
20,1936-01-01,FRA,,20-Franche-comte.txt,
200,1936-01-01,SOV,,200-Rivne.txt,
201,1936-01-01,SOV,,201-Zhytomyr.txt,
202,1936-01-01,SOV,,202-Western Kiev.txt,
203,1936-01-01,SOV,,203-Cherkasy.txt,
204,1936-01-01,SOV,,204-Brest.txt,
205,1936-01-01,SOV,,205-Hrodna.txt,
206,1936-01-01,SOV,,206-Minsk.txt,
207,1936-01-01,SOV,,207-Viciebsk.txt,
208,1936-01-01,SOV,,208-Pskov.txt,
209,1936-01-01,SOV,,209-Smolensk.txt,
21,1936-01-01,FRA,,21-Bouches-du-Rhone.txt,
210,1936-01-01,SOV,,210-Bryansk.txt,
211,1936-01-01,BUL,,211-Burgas.txt,
212,1936-01-01,BUL,,212-Plovdiv.txt,
213,1936-01-01,SOV,,213-Murmansk.txt,
214,1936-01-01,SOV,,214-Arkhangelsk.txt,
215,1936-01-01,SOV,,215-Eastern Karelia.txt,
216,1936-01-01,SOV,,216-Below Zero.txt,
217,1936-01-01,SOV,,217-Stalingrad Area.txt,
218,1936-01-01,SOV,,218-Rostov Area.txt,
219,1936-01-01,SOV,,219-Moscow Area.txt,
22,1936-01-01,FRA,,22-Roussillion.txt,
220,1936-01-01,SOV,,220-Kursk Area.txt,
221,1936-01-01,SOV,,221-Kharkov.txt,
222,1936-01-01,SOV,,222-Orel.txt,
223,1936-01-01,SOV,,223-tula.txt,
224,1936-01-01,SOV,,224-Bryansk.txt,
225,1936-01-01,SOV,,225-Glukhov.txt,
226,1936-01-01,SOV,,226-Nikopol.txt,
227,1936-01-01,SOV,,227-Stalino.txt,
228,1936-01-01,SOV,,228-Taganrog.txt,
229,1936-01-01,SOV,,229-baku.txt,
23,1936-01-01,FRA,,23-Poitou.txt,
230,1936-01-01,SOV,,230-Armenia.txt,
231,1936-01-01,SOV,,231-Georgia.txt,
232,1936-01-01,SOV,,232-Grozny.txt,
233,1936-01-01,SOV,,233-Caucasus Mountains.txt,
234,1936-01-01,SOV,,234-Krasodar.txt,
235,1936-01-01,SOV,,235-Stravropol.txt,
236,1936-01-01,SOV,,236-Astrakhan.txt,
237,1936-01-01,SOV,,237-Elista.txt,
238,1936-01-01,SOV,,238-volgodonsk.txt,
239,1936-01-01,SOV,,239-Saratov.txt,
24,1936-01-01,FRA,,24-Centre.txt,
240,1936-01-01,SOV,,240-Voronezh.txt,
241,1936-01-01,SOV,,241-Pochep.txt,
242,1936-01-01,SOV,,242-Smolensk.txt,
243,1936-01-01,SOV,,243-Roslavl.txt,
244,1936-01-01,SOV,,244-Gatchina.txt,
245,1936-01-01,SOV,,245-Donetsk.txt,
246,1936-01-01,SOV,,246-Rzhev.txt,
247,1936-01-01,SOV,,247-Tver.txt,
248,1936-01-01,SOV,,248-Yaroslavl.txt,
249,1936-01-01,SOV,,249-Kazan.txt,
25,1936-01-01,FRA,,25-Limousin.txt,
250,1936-01-01,SOV,,250-ulyanovsky.txt,
251,1936-01-01,SOV,,251-Samara.txt,
252,1936-01-01,SOV,,252-Nizhny Novogrod.txt,
253,1936-01-01,SOV,,253-Ivanovo.txt,
254,1936-01-01,SOV,,254-Ryazan.txt,
255,1936-01-01,SOV,,255-Penza.txt,
256,1936-01-01,SOV,,256-Cheboksary.txt,
257,1936-01-01,SOV,,257-Livny.txt,
258,1936-01-01,SOV,,258-lipetsk.txt,
259,1936-01-01,SOV,,259-Liski.txt,
26,1936-01-01,FRA,,26-Bourgogne.txt,
260,1936-01-01,SOV,,260-Borisoglbsk.txt,
261,1936-01-01,USA,,261-USA.txt,
262,1936-01-01,SOV,,262-Torzhok.txt,
263,1936-01-01,SOV,,263-Veliky Novogrod.txt,
264,1936-01-01,SOV,,264-Tikhvin.txt,
265,1936-01-01,SOV,,265-Mikhaylovka.txt,
266,1936-01-01,PER,,266-Persia.txt,
267,1936-01-01,AFG,,267-Afghanistan.txt,
268,1936-01-01,FRA,,268-French Somaliland.txt,
269,1936-01-01,ENG,,269-British Somaliland.txt,
27,1936-01-01,FRA,,27-Champagne2.txt,
270,1936-01-01,ENG,,270-Pitcarin Island.txt,
271,1936-01-01,ETH,,271-ethiopia.txt,
271,1936-06-01,ITA,ITA,271-ethiopia.txt,
272,1936-01-01,FRA,,272-French Africa.txt,
273,1936-01-01,ITA,,273-Italian Africa.txt,
274,1936-01-01,ENG,,274-British Africa.txt,
275,1936-01-01,SAF,,275-South Africa.txt,
276,1936-01-01,CAN,,276-Canada.txt,
277,1936-01-01,MEX,,277-Mexico.txt,
278,1936-01-01,ARG,,278-Argentina.txt,
279,1936-01-01,CHL,,279-Chile.txt,
28,1936-01-01,FRA,,28-Alcase.txt,
280,1936-01-01,BRA,,280-Brazil.txt,
281,1936-01-01,ENG,,281-India.txt,
282,1936-01-01,JAP,,282-Japan.txt,
283,1936-01-01,XSM,,283-China.txt,
283,1938-10-25,CHI,CHI,283-China.txt,Waking the Tiger
284,1936-01-01,NZL,,284-New Zealand.txt,
285,1936-01-01,AST,,285-Austraila.txt,
286,1936-01-01,FRA,,286-Indochina.txt,
287,1936-01-01,SIK,,287-Sinkiang.txt,
287,1938-10-25,SIK,SIK,287-Sinkiang.txt,"No Compromise, No Surrender"
288,1936-01-01,BRM,,288-Magwe.txt,
289,1936-01-01,SIA,,289-Siam.txt,
29,1936-01-01,FRA,,29-Pas de Calais.txt,
290,1936-01-01,SPR,,290-Spanish Africa.txt,
291,1936-01-01,IRQ,,291-Iraq.txt,
292,1936-01-01,SAU,,292-Saudi Arabia.txt,
293,1936-01-01,YEM,,293-Yemen.txt,
294,1936-01-01,OMA,,294-Oman.txt,
295,1936-01-01,BEL,,295-Congo.txt,
296,1936-01-01,POR,,296-Portugal Africa.txt,
297,1936-01-01,SPR,,297-Belgian Africa.txt,
298,1936-01-01,LIB,,298-Liberia.txt,
299,1936-01-01,ENG,,299-Falkand Islands.txt,
3,1936-01-01,SWI,,3-Swiss Plateau.txt,
30,1936-01-01,FRA,,30-Loire.txt,
300,1936-01-01,URG,,300-Uruguay.txt,
301,1936-01-01,PAR,,301-paraguay.txt,
302,1936-01-01,BOL,,302-bolivia.txt,
303,1936-01-01,PRU,,303-Peru.txt,
304,1936-01-01,PAN,,304-Panama.txt,
305,1936-01-01,ECU,,305-Ecuador.txt,
306,1936-01-01,COL,,306-Colombia.txt,
307,1936-01-01,VEN,,307-Venezuela.txt,
308,1936-01-01,ENG,,308-Britain SA.txt,
309,1936-01-01,HOL,,309-Dutch SA.txt,
31,1936-01-01,FRA,,31-Midi Pyrenees.txt,
310,1936-01-01,FRA,,310-French SA.txt,
311,1936-01-01,ENG,,311-BritMex.txt,
312,1936-01-01,HON,,312-Honduras.txt,
313,1936-01-01,GUA,,313-Guatemala.txt,
314,1936-01-01,ELS,,314-El Salvador.txt,
315,1936-01-01,CUB,,315-Cuba.txt,
316,1936-01-01,COS,,316-Costa Rica.txt,
317,1936-01-01,NIC,,317-Nicaragua.txt,
318,1936-01-01,HAI,,318-Haiti.txt,
319,1936-01-01,DOM,,319-Dominican Republic.txt,
32,1936-01-01,FRA,,32-Rhone Alpes.txt,
320,1936-01-01,FRA,,320-French India.txt,
321,1936-01-01,POR,,321-Goa.txt,
322,1936-01-01,TIB,,322-Tibet.txt,
323,1936-01-01,NEP,,323-Nepal.txt,
324,1936-01-01,BHU,,324-Bhutan.txt,
325,1936-01-01,YUN,,325-Yunnan.txt,
326,1936-01-01,ENG,,326-HongKong.txt,
327,1936-01-01,PHI,,327-Philippines.txt,
328,1936-01-01,MAN,,328-Manchukuo.txt,
329,1936-01-01,TAN,,329-Tannu Tuva.txt,
33,1936-01-01,FRA,,33-Centre sud.txt,
330,1936-01-01,MON,,330-Mongolia.txt,
331,1936-01-01,ENG,,331-Newfoundland.txt,
332,1936-01-01,ENG,,332-Labrador.txt,
333,1936-01-01,MAL,,333-British Borneo.txt,
334,1936-01-01,INS,,334-Dutch Borneo.txt,
335,1936-01-01,INS,,335-Dutch East Indies.txt,
336,1936-01-01,MAL,,336-Singapore.txt,
337,1936-01-01,DEN,,337-Faroe Islands.txt,
338,1936-01-01,ENG,,338-Gloucestershire.txt,
339,1936-01-01,TUR,,339-Izmir.txt,
34,1936-01-01,BEL,,34-Wallonie.txt,
340,1936-01-01,TUR,,340-Bursa.txt,
341,1936-01-01,TUR,,341-Edirne.txt,
342,1936-01-01,TUR,,342-Antalya.txt,
343,1936-01-01,TUR,,343-Afyon.txt,
344,1936-01-01,TUR,,344-Adana.txt,
345,1936-01-01,TUR,,345-Mersin.txt,
346,1936-01-01,TUR,,346-Konya.txt,
347,1936-01-01,TUR,,347-Izmit.txt,
348,1936-01-01,TUR,,348-Kayseri.txt,
349,1936-01-01,TUR,,349-Silvas.txt,
35,1936-01-01,HOL,,35-Gelderland.txt,
350,1936-01-01,TUR,,350-Diyarbekir.txt,
351,1936-01-01,SOV,,351-Vologda.txt,
352,1936-01-01,TUR,,352-Hakkari.txt,
353,1936-01-01,TUR,,353-Erzurum.txt,
354,1936-01-01,TUR,,354-Trabzon.txt,
355,1936-01-01,TUR,,355-Samsun.txt,
356,1936-01-01,TUR,,356-Sinop.txt,
357,1936-01-01,USA,,357-New England.txt,
358,1936-01-01,USA,,358-New York.txt,
359,1936-01-01,USA,,359-New Jersey.txt,
36,1936-01-01,HOL,,36-Friesland.txt,
360,1936-01-01,USA,,360-Pennsylvania.txt,
361,1936-01-01,USA,,361-Maryland.txt,
362,1936-01-01,USA,,362-Virginia.txt,
363,1936-01-01,USA,,363-North Carolina.txt,
364,1936-01-01,USA,,364-South Carolina.txt,
365,1936-01-01,USA,,365-Georgia.txt,
366,1936-01-01,USA,,366-Florida.txt,
367,1936-01-01,USA,,367-Alabama.txt,
368,1936-01-01,USA,,368-Tennesse.txt,
369,1936-01-01,USA,,369-Kentucky.txt,
37,1936-01-01,DEN,,37-Denmark.txt,
370,1936-01-01,USA,,370-Mississippi.txt,
371,1936-01-01,USA,,371-Louisiana.txt,
372,1936-01-01,USA,,372-Arkansas.txt,
373,1936-01-01,USA,,373-Missouri.txt,
374,1936-01-01,USA,,374-Oklahoma.txt,
375,1936-01-01,USA,,375-Texas.txt,
376,1936-01-01,USA,,376-New Mexico.txt,
377,1936-01-01,USA,,377-Arizona.txt,
378,1936-01-01,USA,,378-California.txt,
379,1936-01-01,USA,,379-Nevada.txt,
38,1936-01-01,SWE,,38-Sweden.txt,
380,1936-01-01,USA,,380-Utah.txt,
381,1936-01-01,USA,,381-Wyoming.txt,
382,1936-01-01,USA,,382-Colorado.txt,
383,1936-01-01,USA,,383-Kansas.txt,
384,1936-01-01,USA,,384-Nebraska.txt,
385,1936-01-01,USA,,385-Oregon.txt,
386,1936-01-01,USA,,386-Washington.txt,
387,1936-01-01,USA,,387-Idaho.txt,
388,1936-01-01,USA,,388-Montana.txt,
389,1936-01-01,USA,,389-North Dakota.txt,
39,1936-01-01,ITA,,39-South Tyrol.txt,
390,1936-01-01,USA,,390-South Dakota.txt,
391,1936-01-01,USA,,391-Minnesota.txt,
392,1936-01-01,USA,,392-Iowa.txt,
393,1936-01-01,USA,,393-Michigan.txt,
394,1936-01-01,USA,,394-Wisconsin.txt,
395,1936-01-01,USA,,395-Illinois.txt,
396,1936-01-01,USA,,396-Indiana.txt,
397,1936-01-01,SOV,,397-Syktyvkar.txt,
398,1936-01-01,SOV,,398-Perm.txt,
399,1936-01-01,SOV,,399-Izhevsk.txt,
4,1936-01-01,AUS,,4-Austria.txt,
4,1938-03-12,GER,GER,4-Austria.txt,
40,1936-01-01,SOV,,40-USSR.txt,
400,1936-01-01,SOV,,400-Kirov.txt,
401,1936-01-01,SOV,,401-Engels.txt,
402,1936-01-01,SOV,,402-Akhtubinsk.txt,
403,1936-01-01,SOV,,403-Kharabali.txt,
404,1936-01-01,SOV,,404-Saykhin.txt,
405,1936-01-01,SOV,,405-Atyrau.txt,
406,1936-01-01,SOV,,406-Krasnyy Yar.txt,
407,1936-01-01,SOV,,407-Uralsk.txt,
408,1936-01-01,SOV,,408-Vladivostok.txt,
409,1936-01-01,SOV,,409-Khabarovsk.txt,
41,1936-01-01,SPR,,41-Madrid.txt,
410,1936-01-01,PER,,410-Sistan.txt,
411,1936-01-01,PER,,411-Hormozgan.txt,
412,1936-01-01,PER,,412-Fars.txt,
413,1936-01-01,PER,,413-Khuzestan.txt,
414,1936-01-01,PER,,414-Kerman.txt,
415,1936-01-01,AFG,,415-South Khorasan.txt,
416,1936-01-01,PER,,416-Razavi Khorasan.txt,
417,1936-01-01,PER,,417-Golestan.txt,
418,1936-01-01,PER,,418-Semnan.txt,
419,1936-01-01,PER,,419-Azerbaijan.txt,
42,1936-01-01,GER,,42-Rhineland.txt,
420,1936-01-01,PER,,420-Gilan.txt,
421,1936-01-01,PER,,421-Kurdistan.txt,
422,1936-01-01,ENG,,422-Ceylon.txt,
423,1936-01-01,RAJ,,423-Madras.txt,
424,1936-01-01,RAJ,,424-Andra Pradesh.txt,
425,1936-01-01,RAJ,,425-Mysore.txt,
426,1936-01-01,RAJ,,426-Orissa.txt,
427,1936-01-01,RAJ,,427-Hyderabad.txt,
428,1936-01-01,RAJ,,428-Western Indian States.txt,
429,1936-01-01,RAJ,,429-Bombay.txt,
43,1936-01-01,HUN,,43-Hungary.txt,
430,1936-01-01,RAJ,,430-Bangladesh.txt,
431,1936-01-01,RAJ,,431-Calcutta.txt,
432,1936-01-01,RAJ,,432-Assam.txt,
433,1936-01-01,RAJ,,433-Rajputana.txt,
434,1936-01-01,RAJ,,434-Arunachal Pradesh.txt,
435,1936-01-01,RAJ,,435-Bihar.txt,
436,1936-01-01,RAJ,,436-Central Provinces.txt,
437,1936-01-01,RAJ,,437-Central Indian Provinces.txt,
438,1936-01-01,RAJ,,438-United Provinces.txt,
439,1936-01-01,RAJ,,439-Delhi.txt,
44,1936-01-01,ALB,,44-Albania.txt,
44,1939-04-12,ITA,ITA,44-Albania.txt,
440,1936-01-01,RAJ,,440-West Punjab.txt,
441,1936-01-01,RAJ,,441-Kashmir.txt,
442,1936-01-01,RAJ,,442-Peshawar.txt,
443,1936-01-01,RAJ,,443-Sind.txt,
444,1936-01-01,RAJ,,444-Baluchistan States.txt,
445,1936-01-01,RAJ,,445-Quetta.txt,
446,1936-01-01,ENG,,446-Cairo.txt,
447,1936-01-01,ENG,,447-Alexandria.txt,
448,1936-01-01,ITA,,448-Tripoli.txt,
449,1936-01-01,ITA,,449-Libyan Coast.txt,
45,1936-01-01,YUG,,45-Yugoslavia.txt,
450,1936-01-01,ITA,,450-Benghasi.txt,
451,1936-01-01,ITA,,451-Derna.txt,
452,1936-01-01,ENG,,452-Marsa Matruh.txt,
453,1936-01-01,ENG,,453-Sinai.txt,
454,1936-01-01,PAL,,454-Israel.txt,
455,1936-01-01,JOR,,455-Jordan.txt,
456,1936-01-01,ENG,,456-Luxor.txt,
457,1936-01-01,ENG,,457-Aswan.txt,
458,1936-01-01,FRA,,458-Tunisia.txt,
459,1936-01-01,FRA,,459-Western Algeria.txt,
46,1936-01-01,ROM,,46-Romania.txt,
460,1936-01-01,FRA,,460-Eastern Algeria.txt,
461,1936-01-01,FRA,,461-Northern Morocco.txt,
462,1936-01-01,FRA,,462-Southern Morocco.txt,
463,1936-01-01,USA,,463-Alaska.txt,
464,1936-01-01,CAN,,464-Nova Scotia.txt,
465,1936-01-01,CAN,,465-New Brunswick.txt,
466,1936-01-01,CAN,,466-Quebec.txt,
467,1936-01-01,CAN,,467-Manitoba.txt,
468,1936-01-01,CAN,,468-Nunavut.txt,
469,1936-01-01,CAN,,469-Saskatchewan.txt,
47,1936-01-01,GRE,,47-Greece.txt,
470,1936-01-01,CAN,,470-Alberta.txt,
471,1936-01-01,CAN,,471-Northwestern Canada.txt,
472,1936-01-01,CAN,,472-Northwest Territories.txt,
473,1936-01-01,CAN,,473-British Columbia.txt,
474,1936-01-01,MEX,,474-Yucatan.txt,
475,1936-01-01,MEX,,475-Chiapas.txt,
476,1936-01-01,MEX,,476-Oaxaca.txt,
477,1936-01-01,MEX,,477-Veracruz.txt,
478,1936-01-01,MEX,,478-Nayarit.txt,
479,1936-01-01,MEX,,479-Tamaulipas.txt,
48,1936-01-01,BUL,,48-Bulgaria.txt,
480,1936-01-01,MEX,,480-Coahuila.txt,
481,1936-01-01,MEX,,481-Sinaloa.txt,
482,1936-01-01,MEX,,482-Chihuahua.txt,
483,1936-01-01,MEX,,483-Sonora.txt,
484,1936-01-01,MEX,,484-Baja California.txt,
485,1936-01-01,MEX,,485-Guerrero.txt,
486,1936-01-01,COL,,486-Meta.txt,
487,1936-01-01,BOL,,487-Amazinas.txt,
488,1936-01-01,VEN,,488-Bolivar.txt,
489,1936-01-01,VEN,,489-Monagas.txt,
49,1936-01-01,TUR,,49-Turkey.txt,
490,1936-01-01,ECU,,490-Pastaza.txt,
491,1936-01-01,PRU,,491-Loreto.txt,
492,1936-01-01,PRU,,492-Piura.txt,
493,1936-01-01,COL,,493-La Libertad.txt,
494,1936-01-01,PRU,,494-Ucayali.txt,
495,1936-01-01,BRA,,495-Amazonas.txt,
496,1936-01-01,BRA,,496-Para.txt,
497,1936-01-01,BRA,,497-Maranhao.txt,
498,1936-01-01,BRA,,498-Rio Grande.txt,
499,1936-01-01,BRA,,499-Bahia.txt,
5,1936-01-01,GER,,5-Germany.txt,
50,1936-01-01,GER,,50-Baden.txt,
500,1936-01-01,BRA,,500-Rio de Janerio.txt,
501,1936-01-01,BRA,,501-Saol Paulo.txt,
502,1936-01-01,BRA,,502-Rio Grande Sul.txt,
503,1936-01-01,BRA,,503-Santa Catarina.txt,
504,1936-01-01,BRA,,504-Iguacu.txt,
505,1936-01-01,BRA,,505-Goias.txt,
506,1936-01-01,CHL,,506-Northern Chile.txt,
507,1936-01-01,CHL,,507-Southern Chile.txt,
508,1936-01-01,ARG,,508-Argentine Northwest.txt,
509,1936-01-01,ARG,,509-Gran Chaco.txt,
51,1936-01-01,GER,,51-Moselland.txt,
510,1936-01-01,ARG,,510-Mesopotamia.txt,
511,1936-01-01,ARG,,511-Cuyo.txt,
512,1936-01-01,ARG,,512-Patagonia.txt,
513,1936-01-01,FRA,,513-Southern Algeria.txt,
514,1936-01-01,FRA,,514-North Africa.txt,
515,1936-01-01,FRA,,515-Central Africa.txt,
516,1936-01-01,SOV,,516-Northern Siberia.txt,
517,1936-01-01,AST,,517-Victoria.txt,
518,1936-01-01,AST,,518-Tasmania.txt,
519,1936-01-01,AST,,519-South Australia.txt,
52,1936-01-01,GER,,52-Wuttemberg.txt,
520,1936-01-01,AST,,520-Northern Territory.txt,
521,1936-01-01,AST,,521-Queensland.txt,
522,1936-01-01,AST,,522-Western Australia.txt,
523,1936-01-01,AST,,523-New Guinea.txt,
524,1936-01-01,JAP,,524-Taiwan.txt,
525,1936-01-01,JAP,,525-South Korea.txt,
526,1936-01-01,JAP,,526-Okinawa.txt,
527,1936-01-01,JAP,,527-North Korea.txt,
528,1936-01-01,JAP,,528-Nagasaki.txt,
529,1936-01-01,JAP,,529-Hiroshima.txt,
53,1936-01-01,GER,,53-Oberbayern.txt,
530,1936-01-01,JAP,,530-Tokushima.txt,
531,1936-01-01,JAP,,531-Osaka.txt,
532,1936-01-01,JAP,,532-Nagoya.txt,
533,1936-01-01,JAP,,533-Akita.txt,
534,1936-01-01,JAP,,534-Niigata.txt,
535,1936-01-01,JAP,,535-Nagano.txt,
536,1936-01-01,JAP,,536-Hokkaido.txt,
537,1936-01-01,JAP,,537-South Sakhalin.txt,
538,1936-01-01,BEL,,538-Cameroun.txt,
539,1936-01-01,FRA,,539-Gabon.txt,
54,1936-01-01,GER,,54-Bayreuth.txt,
540,1936-01-01,POR,,540-Angola.txt,
541,1936-01-01,SAF,,541-South West Africa.txt,
542,1936-01-01,ENG,,542-Bechuana Land.txt,
543,1936-01-01,FRA,,543-Madagascar.txt,
544,1936-01-01,POR,,544-East Africa.txt,
545,1936-01-01,ENG,,545-Rhodessa.txt,
546,1936-01-01,ENG,,546-Tanganyika.txt,
547,1936-01-01,ENG,,547-East Africa.txt,
548,1936-01-01,ENG,,548-Uganda.txt,
549,1936-01-01,ENG,,549-Sudan.txt,
55,1936-01-01,GER,,55-Nassau.txt,
550,1936-01-01,ITA,,550-Eritrea.txt,
551,1936-01-01,ENG,,551-Khartoum.txt,
552,1936-01-01,ENG,,552-Western Egypt.txt,
553,1936-01-01,LEB,,553-Lebanon.txt,
554,1936-01-01,SYR,,554-Syria.txt,
555,1936-01-01,JAP,,555-Lagos.txt,
556,1936-01-01,FRA,,556-Mali.txt,
557,1936-01-01,FRA,,557-Mauritania.txt,
558,1936-01-01,ENG,,558-Nigeria.txt,
559,1936-01-01,ITA,,559-Somaliland.txt,
56,1936-01-01,GER,,56-Weser-Ems.txt,
560,1936-01-01,SOV,,560-TS 2.txt,
561,1936-01-01,SOV,,561-TS 3.txt,
562,1936-01-01,SOV,,562-TS 4.txt,
563,1936-01-01,SOV,,563-TS 5.txt,
564,1936-01-01,SOV,,564-TS 6.txt,
565,1936-01-01,SOV,,565-TS 7.txt,
566,1936-01-01,SOV,,566-TS 8.txt,
567,1936-01-01,SOV,,567-TS 9.txt,
568,1936-01-01,SOV,,568-TS 10.txt,
569,1936-01-01,SOV,,569-TS 11.txt,
57,1936-01-01,GER,,57-Westfalen.txt,
570,1936-01-01,SOV,,570-TS 12.txt,
571,1936-01-01,SOV,,571-TS 13.txt,
572,1936-01-01,SOV,,572-TS 14.txt,
573,1936-01-01,SOV,,573-Ts 15.txt,
574,1936-01-01,SOV,,574-Siberia 1.txt,
575,1936-01-01,SOV,,575-Siberia 2.txt,
576,1936-01-01,SOV,,576-Siberia 3.txt,
577,1936-01-01,SOV,,577-Siberia 4.txt,
578,1936-01-01,SOV,,578-Siberia 5.txt,
579,1936-01-01,SOV,,579-Siberia 6.txt,
58,1936-01-01,GER,,58-Schleswig - Holstein.txt,
580,1936-01-01,SOV,,580-Siberia 7.txt,
581,1936-01-01,SOV,,581-Northern Urals.txt,
582,1936-01-01,SOV,,582-Sourthern Urals.txt,
583,1936-01-01,SOV,,583-Kazakhstan.txt,
584,1936-01-01,SOV,,584-Turkmenistan.txt,
585,1936-01-01,SOV,,585-Uzbekistan.txt,
586,1936-01-01,SOV,,586-Kyrgyzstan.txt,
587,1936-01-01,SOV,,587-Western Kazakstan.txt,
588,1936-01-01,SOV,,588-Some Mountains.txt,
589,1936-01-01,SOV,,589-Eastern Kazakhstan.txt,
59,1936-01-01,GER,,59-Ost - Hannover.txt,
590,1936-01-01,SOV,,590-Northern Kazakhstan.txt,
591,1936-01-01,GXC,,591-Hainan.txt,
591,1938-10-25,CHI,JAP,591-Hainan.txt,
592,1936-01-01,GXC,,592-Guangzhou.txt,
592,1938-10-25,CHI,,592-Guangzhou.txt,
593,1936-01-01,GXC,,593-Guangdong.txt,
593,1938-10-25,CHI,,593-Guangdong.txt,
594,1936-01-01,GXC,,594-Nanning.txt,
595,1936-01-01,CHI,,595-Fujian.txt,
596,1936-01-01,CHI,,596-Zhejiang.txt,
597,1936-01-01,CHI,,597-Shandong.txt,
597,1938-10-25,CHI,JAP,597-Shandong.txt,"No Compromise, No Surrender"
598,1936-01-01,CHI,,598-Jiansu.txt,
599,1936-01-01,GXC,,599-Guanxi.txt,
6,1936-01-01,BEL,,6-Belgium.txt,
60,1936-01-01,GER,,60-Sud-Hannover.txt,
600,1936-01-01,CHI,,600-Jiangxi.txt,
601,1936-01-01,TIB,,601-China 1.txt,
602,1936-01-01,CHI,,602-China 2.txt,
603,1936-01-01,CHI,,603-China 3.txt,
604,1936-01-01,XSM,,604-China 4.txt,
605,1936-01-01,CHI,,605-China 5.txt,
605,1938-10-25,CHI,CHI,605-China 5.txt,"No Compromise, No Surrender"
606,1936-01-01,CHI,,606-China 6.txt,
607,1936-01-01,CHI,,607-China 7.txt,
608,1936-01-01,CHI,,608-Beijing.txt,
608,1938-10-25,CHI,JAP,608-Beijing.txt,
609,1936-01-01,JAP,,609-China 8.txt,
61,1936-01-01,GER,,61-Mecklenburg.txt,
610,1936-01-01,MAN,,610-China 9.txt,
611,1936-01-01,MEN,,611-China 10.txt,
612,1936-01-01,MEN,,612-China 11.txt,
613,1936-01-01,CHI,,613-China 12.txt,
614,1936-01-01,CHI,,614-China 13.txt,
614,1938-10-25,CHI,JAP,614-China 13.txt,
615,1936-01-01,SHX,,615-Shanxi.txt,
615,1938-10-25,PRC,JAP,615-Shanxi.txt,
616,1936-01-01,XSM,,616-China 14.txt,
617,1936-01-01,SIK,,617-Xinjiang.txt,
618,1936-01-01,SIK,,618-China 15.txt,
619,1936-01-01,SIK,,619-China 16.txt,
62,1936-01-01,GER,,62-Pommern.txt,
620,1936-01-01,CHI,,620-China 17.txt,
621,1936-01-01,SHX,,621-China 18.txt,
621,1939-01-01,PRC,MEN,621-China 18.txt,
622,1936-01-01,PRC,,622-China 19.txt,
623,1936-01-01,PHI,,623-Luzon.txt,
624,1936-01-01,PHI,,624-Central islands.txt,
625,1936-01-01,PHI,,625-Samar.txt,
626,1936-01-01,PHI,,626-Palawan.txt,
627,1936-01-01,PHI,,627-Mindanao.txt,
628,1936-01-01,PHI,,628-Cebu.txt,
629,1936-01-01,USA,,629-Hawaii.txt,
63,1936-01-01,GER,,63-WestPrussen.txt,
630,1936-01-01,USA,,630-Johnston Atoll.txt,
631,1936-01-01,USA,,631-Midway Island.txt,
632,1936-01-01,USA,,632-Wake Island.txt,
633,1936-01-01,JAP,,633-Marshall Islands.txt,
634,1936-01-01,AST,,634-Solomon Islands.txt,
635,1936-01-01,FRA,,635-New Caledonia.txt,
636,1936-01-01,ENG,,636-Fiji.txt,
637,1936-01-01,SOV,,637-State 1.txt,
638,1936-01-01,USA,,638-Guam.txt,
639,1936-01-01,ENG,,639-Maiana.txt,
64,1936-01-01,GER,,64-Brandenburg.txt,
640,1936-01-01,BRM,,640-Mandalay.txt,
641,1936-01-01,FRA,,641-Tahiti.txt,
642,1936-01-01,USA,,642-Phoenix Island.txt,
643,1936-01-01,ENG,,643-Fongafale.txt,
644,1936-01-01,SOV,,644-state 3.txt,
645,1936-01-01,JAP,,645-Iwo Jima.txt,
646,1936-01-01,JAP,,646-Saipan.txt,
647,1936-01-01,JAP,,647-Palau.txt,
648,1936-01-01,JAP,,648-Marcus Island.txt,
649,1936-01-01,ECU,,649-Galapagos Islands.txt,
65,1936-01-01,GER,,65-Sachsen.txt,
650,1936-01-01,USA,,650-Attu Island.txt,
651,1936-01-01,SOV,,651-Sov state 5.txt,
652,1936-01-01,SOV,,652-Sov state 6.txt,
653,1936-01-01,SOV,,653-Sov state 7.txt,
654,1936-01-01,SOV,,654-sov state 8.txt,
655,1936-01-01,SOV,,655-North Sakhalin.txt,
656,1936-01-01,KUW,,656-Kuwait.txt,
657,1936-01-01,SOV,,657-Border state.txt,
658,1936-01-01,ENG,,658-Arab UK 1.txt,
659,1936-01-01,ENG,,659-Arabian UK 2.txt,
66,1936-01-01,GER,,66-Niederschlesien.txt,
660,1936-01-01,FRA,,660-Equatorial Africa.txt,
661,1936-01-01,ITA,,661-Tripolitania.txt,
662,1936-01-01,ITA,,662-Sirte.txt,
663,1936-01-01,ITA,,663-Cyrenaica.txt,
664,1936-01-01,CZE,,664-Southern Slovakia.txt,
664,1939-03-14,HUN,HUN,664-Southern Slovakia.txt,
665,1936-01-01,FRA,,665-Gabes.txt,
666,1936-01-01,SWE,,666-Norrnorrland.txt,
667,1936-01-01,INS,,667-Lesser  Sunda Islands.txt,
668,1936-01-01,INS,,668-The Moluccas.txt,
669,1936-01-01,INS,,669-Dutch New Guinea.txt,
67,1936-01-01,GER,,67-Oberschlesien.txt,
670,1936-01-01,FRA,,670-Laos.txt,
671,1936-01-01,FRA,,671-Annam.txt,
672,1936-01-01,INS,,672-Sumatra.txt,
673,1936-01-01,INS,,673-Sulawesi.txt,
674,1936-01-01,AST,,674-Central Australia.txt,
675,1936-01-01,IRQ,,675-Al Hajara.txt,
676,1936-01-01,IRQ,,676-Mosul.txt,
677,1936-01-01,SYR,,677-Aleppo.txt,
678,1936-01-01,SAU,,678-Rub al Khali.txt,
679,1936-01-01,SAU,,679-Hejaz.txt,
68,1936-01-01,GER,,68-Wartheland.txt,
680,1936-01-01,SYR,,680-Deir-az-Zur.txt,
681,1936-01-01,SAF,,681-Soviet Lakes.txt,
682,1936-01-01,CAN,,682-Northern Ontario.txt,
683,1936-01-01,CAN,,683-Northeastern Canada.txt,
684,1936-01-01,JAP,,684-Caroline Islands.txt,
685,1936-01-01,USA,,685-Panama Canal.txt,
686,1936-01-01,USA,,686-Puerto Rico.txt,
687,1936-01-01,ENG,,687-British Guyana.txt,
688,1936-01-01,PAR,,688-Chaco Boreal.txt,
689,1936-01-01,ENG,,689-Jamaica.txt,
69,1936-01-01,CZE,,69-Sudatenland.txt,
69,1938-09-30,GER,GER,69-Sudatenland.txt,
690,1936-01-01,ENG,,690-Bahama Islands.txt,
691,1936-01-01,ENG,,691-Trinidad.txt,
692,1936-01-01,ENG,,692-Windward Islands.txt,
693,1936-01-01,ENG,,693-Southern Bahamas.txt,
694,1936-01-01,FRA,,694-French Caribbean.txt,
695,1936-01-01,HOL,,695-Curacao.txt,
696,1936-01-01,ENG,,696-Bermuda.txt,
697,1936-01-01,POR,,697-Madeira.txt,
698,1936-01-01,POR,,698-Azores.txt,
699,1936-01-01,SPR,,699-Rio de Oro.txt,
7,1936-01-01,HOL,,7-Holland.txt,
70,1936-01-01,CZE,,70-Slovakia.txt,
70,1939-03-14,SLO,SLO,70-Slovakia.txt,
700,1936-01-01,ENG,,700-Sierra Leone.txt,
701,1936-01-01,ENG,,701-Gambia.txt,
702,1936-01-01,POR,,702-Cape Verde.txt,
703,1936-01-01,ENG,,703-Ascension.txt,
704,1936-01-01,ENG,,704-Saint Helena.txt,
705,1936-01-01,POR,,705-Sao Tome.txt,
706,1936-01-01,FRA,,706-Reunion.txt,
707,1936-01-01,ENG,,707-Mauritius.txt,
708,1936-01-01,FRA,,708-Comoro Islands.txt,
709,1936-01-01,ENG,,709-Seychelles.txt,
71,1936-01-01,CZE,,71-East Slovakia.txt,
71,1939-03-14,SLO,SLO,71-East Slovakia.txt,
710,1936-01-01,ENG,,710-Diego Garcia.txt,
711,1936-01-01,ENG,,711-Christmas Island.txt,
712,1936-01-01,ENG,,712-Cocos Islands.txt,
713,1936-01-01,FRA,,713-Kerguelen.txt,
714,1936-01-01,MAN,,714-Heilungkiang.txt,
715,1936-01-01,MAN,,715-Liaoning.txt,
716,1936-01-01,MAN,,716-Liaotung.txt,
717,1936-01-01,MAN,,717-Chuho.txt,
718,1936-01-01,BEL,,718-Stanleyville.txt,
719,1936-01-01,SAF,,719-Natal.txt,
72,1936-01-01,CZE,,72-Zaolzie.txt,
72,1939-03-14,POL,POL,72-Zaolzie.txt,
720,1936-01-01,ENG,,720-South Georgia.txt,
721,1936-01-01,POR,,721-Portuguese Timor.txt,
722,1936-01-01,FIN,,722-Petsamo.txt,
723,1936-01-01,NZL,,723-Southern Island.txt,
724,1936-01-01,SIA,,724-Khorat.txt,
725,1936-01-01,ENG,,725-Nauru.txt,
726,1936-01-01,NZL,,726-Samoa.txt,
727,1936-01-01,USA,,727-Line Islands.txt,
728,1936-01-01,FRA,,728-Guangzhouwan.txt,
729,1936-01-01,POR,,729-Macau.txt,
73,1936-01-01,CZE,,73-Carpathian Ruthenia.txt,
73,1939-03-14,HUN,HUN,73-Carpathian Ruthenia.txt,
730,1936-01-01,FRA,,730-St Pierre and Miquelon .txt,
731,1936-01-01,GRE,,731-Central Macedonia.txt,
732,1936-01-01,SOV,,732-Pamir.txt,
733,1936-01-01,ENG,,733-Andaman.txt,
734,1936-01-01,FRA,,734-Nendo.txt,
735,1936-01-01,FRA,,735-Savoy.txt,
736,1936-01-01,ITA,,736-Litorale.txt,
737,1936-01-01,AST,,737-New Britain.txt,
738,1936-01-01,INS,,738-Aru Islands.txt,
739,1936-01-01,CAN,,739-Haida Gwaii.txt,
74,1936-01-01,CZE,,74-East Sudatenland.txt,
74,1938-09-30,GER,GER,74-East Sudatenland.txt,
740,1936-01-01,CAN,,740-Vancouver Island.txt,
741,1936-01-01,FRA,,741-Cambodia.txt,
742,1936-01-01,SOV,,742-Stalinabad.txt,
743,1936-01-01,CHI,,743-Qingdao.txt,
744,1936-01-01,CHI,,744-Xian.txt,
744,1938-10-25,CHI,CHI,744-Xian.txt,"No Compromise, No Surrender"
745,1936-01-01,JAP,,745-Dalian.txt,
746,1936-01-01,SHX,,746-Ordos.txt,
746,1939-01-01,PRC,MEN,746-Ordos.txt,
747,1936-01-01,YUN,,747-Dali Bai.txt,
748,1936-01-01,CHI,,748-Zunyi.txt,
749,1936-01-01,CHI,,749-Huangshan.txt,
75,1936-01-01,CZE,,75-Moravia.txt,
75,1939-03-14,GER,GER,75-Moravia.txt,
750,1936-01-01,CHI,,750-Changde.txt,
751,1936-01-01,CHI,,751-Liangshan.txt,
751,1938-10-25,CHI,CHI,751-Liangshan.txt,"No Compromise, No Surrender"
752,1936-01-01,CHI,,752-Chamdo.txt,
752,1938-10-25,CHI,CHI,752-Chamdo.txt,"No Compromise, No Surrender"
753,1936-01-01,XSM,,753-Gannan.txt,
753,1938-10-25,CHI,CHI,753-Gannan.txt,"No Compromise, No Surrender"
754,1936-01-01,XSM,,754-Golog.txt,
755,1936-01-01,XSM,,755-Haixi.txt,
756,1936-01-01,XSM,,756-Jiuquan.txt,
757,1936-01-01,TIB,,757-Shigatse.txt,
758,1936-01-01,TIB,,758-Ngari.txt,
759,1936-01-01,SIK,,759-Kunlun.txt,
759,1938-10-25,SIK,SIK,759-Kunlun.txt,"No Compromise, No Surrender"
76,1936-01-01,ROM,,76-Northern Transylvania.txt,
760,1936-01-01,SIK,,760-Dabancheng.txt,
761,1936-01-01,MAN,,761-Hulunbuir.txt,
762,1936-01-01,POL,,762-Katowice.txt,
763,1936-01-01,GER,,763-Konigsberg.txt,
764,1936-01-01,YUG,,764-West Banat.txt,
765,1936-01-01,ENG,,765-Qatar.txt,
766,1936-01-01,ROM,,766-Southern Bessarabia.txt,
767,1936-01-01,ENG,,767-North Darfur.txt,
768,1936-01-01,BEL,,768-Rwanda.txt,
769,1936-01-01,BEL,,769-Burundi.txt,
77,1936-01-01,ROM,,77-Dobrogea.txt,
770,1936-01-01,ENG,,770-Malawi.txt,
771,1936-01-01,ENG,,771-Zambia.txt,
772,1936-01-01,FRA,,772-Middle Congo.txt,
773,1936-01-01,FRA,,773-Cameroon.txt,
774,1936-01-01,FRA,,774-Chad.txt,
775,1936-01-01,FRA,,775-B.E.T..txt,
776,1936-01-01,FRA,,776-Dahomey.txt,
777,1936-01-01,FRA,,777-Togo.txt,
778,1936-01-01,FRA,,778-Upper Volta.txt,
779,1936-01-01,FRA,,779-Ivory Coast.txt,
78,1936-01-01,ROM,,78-Bessarabia.txt,
780,1936-01-01,FRA,,780-Guinea.txt,
781,1936-01-01,FRA,,781-Niger.txt,
782,1936-01-01,FRA,,782-Tombouctou.txt,
783,1936-01-01,SPR,,783-Sidi Ifni.txt,
784,1936-01-01,POL,,784-Ermland-Masuren.txt,
785,1936-01-01,FRA,,785-Picardy.txt,
786,1936-01-01,FRA,,786-Mauritanian Desert.txt,
787,1936-01-01,RAJ,,787-North Kashmir.txt,
788,1936-01-01,SPR,,788-Salamanca.txt,
789,1936-01-01,SPR,,789-Cordoba.txt,
79,1936-01-01,ROM,,79-moldovia.txt,
790,1936-01-01,SPR,,790-Asturias.txt,
791,1936-01-01,SPR,,791-Valladolid.txt,
792,1936-01-01,SPR,,792-Basque Country.txt,
793,1936-01-01,SPR,,793-Guadalajara.txt,
794,1936-01-01,SPR,,794-Eastern Aragon.txt,
795,1936-01-01,POR,,795-Santarem.txt,
796,1936-01-01,POR,,796-North Angola.txt,
797,1936-01-01,TUR,,797-Istanbul.txt,
798,1936-01-01,TUR,,798-Amasya.txt,
799,1936-01-01,SYR,,799-Hatay.txt,
799,1938-09-30,TUR,TUR,799-Hatay.txt,
8,1936-01-01,LUX,,8-Luxemburg.txt,
80,1936-01-01,ROM,,80-Bocovina.txt,
800,1936-01-01,TUR,,800-Van.txt,
801,1936-01-01,BUL,,801-Moesia.txt,
802,1936-01-01,YUG,,802-Kosovo.txt,
803,1936-01-01,YUG,,803-Southern Serbia.txt,
804,1936-01-01,YUG,,804-Herzegovina.txt,
805,1936-01-01,ALB,,805-Northern Epirus.txt,
805,1939-04-12,ITA,ITA,805-Northern Epirus.txt,
806,1936-01-01,FRA,,806-French Basque Country.txt,
807,1936-01-01,POL,,807-Gdynia.txt,
808,1936-01-01,LAT,,808-Riga.txt,
809,1936-01-01,LAT,,809-Latgale.txt,
81,1936-01-01,ROM,,81-Oltenia.txt,
810,1936-01-01,LAT,,810-Zemgale.txt,
811,1936-01-01,EST,,811-Saaremaa.txt,
812,1936-01-01,EST,,812-Tallinn.txt,
813,1936-01-01,EST,,813-Rakvere.txt,
814,1936-01-01,LIT,,814-Suduva.txt,
815,1936-01-01,LIT,,815-Aukstaitija.txt,
816,1936-01-01,USA,,816-West Virginia.txt,
817,1936-01-01,MON,,817-Gobi.txt,
818,1936-01-01,MON,,818-Khovd.txt,
819,1936-01-01,MON,,819-Dornod.txt,
82,1936-01-01,ROM,,82-Banat.txt,
820,1936-01-01,MON,,820-Khovsgol.txt,
821,1936-01-01,SOV,,821 - Chenchnya-Ingushetia.txt,
822,1936-01-01,SOV,,822 - Chukotka.txt,
823,1936-01-01,SOV,,823 - Karakalpakstan.txt,
824,1936-01-01,SOV,,824 - Yamalia.txt,
825,1936-01-01,SOV,,825 - Nenetsia.txt,
826,1936-01-01,SOV,,826 - Abkhazia.txt,
827,1936-01-01,SOV,,827 - Kabardino-Balkaria.txt,
828,1936-01-01,SOV,,828 - North Ossetia.txt,
829,1936-01-01,SOV,,829 - Volga Germany.txt,
83,1936-01-01,ROM,,83-crisana.txt,
830,1936-01-01,SOV,,830 - Bukhara.txt,
831,1936-01-01,SOV,,831 - Khiva.txt,
832,1936-01-01,SOV,,832 - Dashhowuz.txt,
833,1936-01-01,SOV,,833 - Mari El.txt,
834,1936-01-01,SOV,,834 - Balta.txt,
835,1936-01-01,ETH,,835-Haraghe.txt,
835,1936-06-01,ITA,ITA,835-Haraghe.txt,
836,1936-01-01,ETH,,836-Bale.txt,
836,1936-06-01,ITA,ITA,836-Bale.txt,
837,1936-01-01,ETH,,837-Sidamo.txt,
837,1936-06-01,ITA,ITA,837-Sidamo.txt,
838,1936-01-01,ETH,,838-Illubabor.txt,
838,1936-06-01,ITA,ITA,838-Illubabor.txt,
839,1936-01-01,ETH,,839-Welega.txt,
839,1936-06-01,ITA,ITA,839-Welega.txt,
84,1936-01-01,ROM,,84-Transylvania.txt,
840,1936-01-01,ETH,,840-Gojjam.txt,
840,1936-06-01,ITA,ITA,840-Gojjam.txt,
841,1936-01-01,ETH,,841-Begemder.txt,
841,1936-06-01,ITA,ITA,841-Begemder.txt,
842,1936-01-01,ETH,,842-Tigray.txt,
842,1936-06-01,ITA,ITA,842-Tigray.txt,
843,1936-01-01,ETH,,843-Wello.txt,
843,1936-06-01,ITA,ITA,843-Wello.txt,
844,1936-01-01,ITA,,844-jubaland.txt,
845,1936-01-01,SWI,,845-Jura Mountains.txt,
846,1936-01-01,SWI,,846-Ticino.txt,
847,1936-01-01,SWI,,847-Western Swiss Alps.txt,
848,1936-01-01,AUS,,848-Voralberg.txt,
848,1938-03-12,GER,GER,848-Voralberg.txt,
849,1936-01-01,ITA,,849-Puglia.txt,
85,1936-01-01,POL,,85-Danzig.txt,
850,1936-01-01,ITA,,850-Trentino.txt,
851,1936-01-01,FRA,,851-Var.txt,
852,1936-01-01,ITA,,852-Istria.txt,
853,1936-01-01,YUG,,853-Ljubljana.txt,
854,1936-01-01,SAU,,854-Jawf.txt,
855,1936-01-01,SAU,,855-Tabuk.txt,
856,1936-01-01,SAU,,856-Asir-Makkah.txt,
857,1936-01-01,SAU,,857-Ha'il.txt,
858,1936-01-01,SAU,,858-Najiran.txt,
859,1936-01-01,SAU,,859-Dammam.txt,
86,1936-01-01,POL,,86-Poznan.txt,
860,1936-01-01,CAN,,860-Cote-Nord.txt,
861,1936-01-01,CAN,,861-Saguenay.txt,
862,1936-01-01,CAN,,862-ouest du quebec.txt,
863,1936-01-01,CAN,,863-Maurice.txt,
864,1936-01-01,CAN,,864-Yukon.txt,
865,1936-01-01,CAN,,865-Northern Saskatchewan.txt,
866,1936-01-01,CAN,,866-Districts of Ontario.txt,
867,1936-01-01,CAN,,867-Northern Manitoba.txt,
868,1936-01-01,SIA,,868-Isan.txt,
869,1936-01-01,SIA,,869-Lanna.txt,
87,1936-01-01,POL,,87-Lodz.txt,
870,1936-01-01,AST,,870-North West Australia.txt,
871,1936-01-01,AST,,871-South West Australia.txt,
872,1936-01-01,AST,,872-North Queensland.txt,
873,1936-01-01,AST,,873-South West Queensland.txt,
874,1936-01-01,SOV,,874-Magadan.txt,
875,1936-01-01,SOV,,875-Chukchi Peninsulay.txt,
876,1936-01-01,SOV,,876-Udachny.txt,
877,1936-01-01,SOV,,877-Verkhoyansk.txt,
878,1936-01-01,SOV,,878-Khatangsky.txt,
879,1936-01-01,SOV,,879-Kargopol.txt,
88,1936-01-01,POL,,88-Kielce.txt,
880,1936-01-01,SOV,,880-Kotlas.txt,
881,1936-01-01,SOV,,881-Karagandy.txt,
882,1936-01-01,SOV,,882-Pavlodar.txt,
883,1936-01-01,ENG,,883-Kassala.txt,
884,1936-01-01,ENG,,884-Upper Nile.txt,
885,1936-01-01,ENG,,885-Bahr al Ghazal.txt,
886,1936-01-01,ENG,,886-Blue Nile.txt,
887,1936-01-01,ENG,,887-South Darfur.txt,
888,1936-01-01,BEL,,888-Lusambo.txt,
889,1936-01-01,BEL,,889-Elisabethville.txt,
89,1936-01-01,POL,,89-Krakow.txt,
890,1936-01-01,BEL,,890-Costermansville.txt,
891,1936-01-01,POR,,891-Zambesi.txt,
892,1936-01-01,POR,,892-South West Angola.txt,
893,1936-01-01,SAF,,893-Karas.txt,
894,1936-01-01,SAF,,894-Kuneme.txt,
895,1936-01-01,SAF,,895-Kavango.txt,
896,1936-01-01,POR,,896-Manica e Sofala.txt,
897,1936-01-01,POR,,897-Zambezia-Mocambique.txt,
898,1936-01-01,FRA,,898-Gao.txt,
899,1936-01-01,FRA,,899-Kayes-Koulikoro.txt,
9,1936-01-01,CZE,,9-Czechoslovakia.txt,
9,1939-03-14,GER,GER,9-Czechoslovakia.txt,
90,1936-01-01,POL,,90-Lwow.txt,
900,1936-01-01,ENG,,900-Benue.txt,
901,1936-01-01,ENG,,901-Borno.txt,
902,1936-01-01,ENG,,902-Sokoto.txt,
903,1936-01-01,ENG,,903-Garissa.txt,
904,1936-01-01,ENG,,904-Nyanza-Rift Valley.txt,
905,1936-01-01,ENG,,905-Mombasa.txt,
906,1936-01-01,ENG,,906-Socotra.txt,
907,1936-01-01,ENG,,907-Cairo.txt,
908,1936-01-01,AFA,,908-Afar.txt,
908,1936-06-01,ITA,ITA,908-Afar.txt,
909,1936-01-01,GER,,909-South Schleswig.txt,
91,1936-01-01,POL,,91-Tarnopol.txt,
910,1936-01-01,DEN,,910-Bornholm.txt,
911,1936-01-01,DEN,,911-Fyn.txt,
912,1936-01-01,DEN,,912-Sonderjylland.txt,
913,1936-01-01,SWE,,913-Ostergotland.txt,
914,1936-01-01,NOR,,914-JanMayen.txt,
915,1936-01-01,SWE,,915-Bohuslan.txt,
916,1936-01-01,SWE,,916-Dalarna.txt,
917,1936-01-01,SWE,,917-Jamtland.txt,
918,1936-01-01,SWE,,918-Vasterbotten.txt,
919,1936-01-01,SWE,,919-Varmland.txt,
92,1936-01-01,POL,,92-Lublin.txt,
920,1936-01-01,NOR,,920-Opplandene.txt,
921,1936-01-01,NOR,,921-Telemark.txt,
922,1936-01-01,NOR,,922-Agder.txt,
923,1936-01-01,NOR,,923-Helgeland.txt,
924,1936-01-01,NOR,,924-Troms.txt,
925,1936-01-01,NOR,,925-Finnmark.txt,
926,1936-01-01,FIN,,926-Turku.txt,
927,1936-01-01,FIN,,927-Hame.txt,
928,1936-01-01,FIN,,928-Kyme.txt,
929,1936-01-01,FIN,,929-Oulu.txt,
93,1936-01-01,POL,,93-Volhynian.txt,
930,1936-01-01,FIN,,930-Mikkeli.txt,
931,1936-01-01,ENG,,931-Cumbria.txt,
932,1936-01-01,ENG,,932-Isle of Man.txt,
933,1936-01-01,ENG,,933-Shetland.txt,
934,1936-01-01,ALB,,934-Shkoder.txt,
934,1939-04-12,ITA,ITA,934-Shkoder.txt,
935,1936-01-01,BRA,,935 - Ceara.txt,
936,1936-01-01,BRA,,936 - Pernambuco.txt,
937,1936-01-01,BRA,,937 - Piaui.txt,
938,1936-01-01,BRA,,938 - Para.txt,
939,1936-01-01,BRA,,939 - Amapa.txt,
94,1936-01-01,POL,,94-Polesie.txt,
940,1936-01-01,BRA,,940 - Acre.txt,
941,1936-01-01,BRA,,941 - Tocantins.txt,
942,1936-01-01,BRA,,942 - Rondonia.txt,
943,1936-01-01,BRA,,943 - Espirito Santo.txt,
944,1936-01-01,BRA,,944 - Parana.txt,
945,1936-01-01,URG,,945 - Cerro Largo.txt,
946,1936-01-01,URG,,946 - Paysandu.txt,
947,1936-01-01,PRU,,947 - Tacna.txt,
948,1936-01-01,CHL,,948 - Easter Island.txt,
949,1936-01-01,CHL,,949 - Aysen.txt,
95,1936-01-01,POL,,95-Nowogrodek.txt,
950,1936-01-01,CHL,,950 - Araucania.txt,
951,1936-01-01,CHL,,951 - Arica.txt,
952,1936-01-01,CHL,,952 - Atacama.txt,
953,1936-01-01,ARG,,953 - Tierra del Fuego.txt,
954,1936-01-01,ARG,,954 - Santa Cruz.txt,
955,1936-01-01,ARG,,955 - Chubut.txt,
956,1936-01-01,ARG,,956 - Santa Fe.txt,
957,1936-01-01,ARG,,957 - Formosa.txt,
958,1936-01-01,ARG,,958 - San Luis.txt,
959,1936-01-01,ARG,,959 - Los Andes.txt,
96,1936-01-01,POL,,96-Wilejka.txt,
960,1936-01-01,ARG,,960 - San Juan.txt,
961,1936-01-01,BRA,,961-Deep Amazonas.txt,
962,1936-01-01,BRA,,962-Deep Amazonas.txt,
963,1936-01-01,BRA,,963-Deep Amazonas.txt,
964,1936-01-01,BRA,,964-Deep Amazonas.txt,
965,1936-01-01,BRA,,965-Deep Amazonas.txt,
966,1936-01-01,BRA,,966-Deep Amazonas.txt,
967,1936-01-01,BRA,,967-Deep Amazonas.txt,
968,1936-01-01,BRA,,968-Deep Amazonas.txt,
969,1936-01-01,BRA,,969-Rio Branco.txt,
97,1936-01-01,POL,,97-Bialystok.txt,
970,1936-01-01,YUG,,970 - Western Macedonia.txt,
971,1936-01-01,ROM,,971 - Northern Dobruja.txt,
972,1936-01-01,CZE,,972 - South Sudetenland.txt,
972,1938-09-30,GER,GER,972 - South Sudetenland.txt,
973,1936-01-01,HUN,,973 - Bacs.txt,
974,1936-01-01,HUN,,974 - South Transdanubia.txt,
975,1936-01-01,AUS,,975 - Burgenland.txt,
975,1938-03-12,GER,GER,975 - Burgenland.txt,
976,1936-01-01,AUS,,976 - Steiermark Karnten.txt,
976,1938-03-12,GER,GER,976 - Steiermark Karnten.txt,
977,1936-01-01,BEL,,977 - Antwerp.txt,
978,1936-01-01,GER,,978 - Actual Baden.txt,
979,1936-01-01,AST,,979 - Kaiser Wilhelms Land.txt,
98,1936-01-01,POL,,98-Mazurskie.txt,
980,1936-01-01,BEL,,980 - Ardennes.txt,
981,1936-01-01,ENG,,981 - Barotseland.txt,
982,1936-01-01,RAJ,,982 - Madras States.txt,
983,1936-01-01,RAJ,,983 - Deccan States.txt,
984,1936-01-01,RAJ,,984 - Bastar.txt,
985,1936-01-01,RAJ,,985 - Sikkim.txt,
986,1936-01-01,RAJ,,986 - East Punjab.txt,
987,1936-01-01,RAJ,,987 - Waziristan.txt,
988,1936-01-01,RAJ,,988-Baluchistan.txt,
989,1936-01-01,RAJ,,989-Bahawalpur.txt,
99,1936-01-01,DEN,,99-Jutland.txt,
990,1936-01-01,RAJ,,990-Manipur.txt,
991,1936-01-01,RAJ,,991-Gwalior.txt,
992,1936-01-01,RAJ,,992-Province of Aden.txt,
992,1939-01-01,ENG,,992-Province of Aden.txt,
993,1936-01-01,BRM,,993-Kentung and Yawnghwe.txt,
994,1936-01-01,BRM,,994-Tenasserim.txt,
995,1936-01-01,BRM,,995-Pegu.txt,
996,1936-01-01,BRM,,996-Irrawaddy.txt,
997,1936-01-01,BRM,,997-Arakan.txt,
998,1936-01-01,BRM,,998-Sagaing.txt,
999,1936-01-01,BRM,,999-Federated Shan States.txt,
